ID,Predict
a00002,1
a00004,1
a00005,1
a00013,1
a00017,1
a00018,1
a00023,1
a00031,1
a00033,1
a00034,1
a00040,1
a00041,1
a00051,1
a00056,1
a00058,1
a00059,1
a00063,1
a00064,1
a00069,1
a00080,1
a00085,1
a00086,1
a00096,1
a00118,1
a00130,1
a00135,1
a00145,1
a00147,1
a00148,1
a00153,1
a00159,1
a00166,1
a00194,1
a00199,1
a00203,1
a00209,1
a00215,1
a00218,1
a00221,1
a00231,1
a00243,1
a00248,1
a00250,1
a00255,1
a00260,1
a00261,1
a00265,1
a00269,1
a00273,1
a00282,1
a00283,1
a00285,1
a00288,1
a00289,1
a00299,1
a00303,1
a00313,1
a00317,1
a00321,1
a00326,1
a00329,1
a00334,1
a00335,1
a00341,1
a00342,1
a00346,1
a00351,1
a00355,1
a00361,1
a00362,1
a00364,1
a00382,1
a00383,1
a00386,1
a00395,1
a00398,1
a00405,1
a00409,1
a00417,1
a00423,1
a00427,1
a00437,1
a00448,1
a00450,1
a00459,1
a00460,1
a00461,1
a00464,1
a00473,1
a00480,1
a00482,1
a00483,1
a00484,1
a00486,1
a00496,1
a00498,1
a00501,1
a00504,1
a00507,1
a00509,1
a00514,1
a00517,1
a00530,1
a00535,1
a00536,1
a00550,1
a00551,1
a00556,1
a00561,1
a00563,1
a00566,1
a00583,1
a00588,1
a00605,1
a00607,1
a00610,1
a00613,1
a00615,1
a00618,1
a00624,1
a00627,1
a00636,1
a00637,1
a00643,1
a00645,1
a00649,1
a00650,1
a00656,1
a00670,1
a00688,1
a00689,1
a00694,1
a00698,1
a00703,1
a00716,1
a00718,1
a00729,1
a00732,1
a00742,1
a00744,1
a00749,1
a00754,1
a00769,1
a00770,1
a00772,1
a00775,1
a00782,1
a00786,1
a00792,1
a00814,1
a00815,1
a00823,1
a00825,1
a00829,1
a00830,1
a00848,1
a00853,1
a00857,1
a00870,1
a00872,1
a00874,1
a00878,1
a00880,1
a00882,1
a00885,1
a00897,1
a00904,1
a00913,1
a00916,1
a00922,1
a00933,1
a00949,1
a00962,1
a00973,1
a00976,1
a00977,1
a00987,1
a00991,1
a00994,1
a00996,1
a00998,1
a01000,1
a01006,1
a01008,1
a01009,1
a01010,1
a01011,1
a01012,1
a01013,1
a01022,1
a01032,1
a01035,1
a01036,1
a01038,1
a01045,1
a01050,1
a01054,1
a01058,1
a01069,1
a01070,1
a01076,1
a01077,1
a01085,1
a01087,1
a01093,1
a01094,1
a01101,1
a01102,1
a01109,1
a01111,1
a01123,1
a01130,1
a01133,1
a01139,1
a01140,1
a01147,1
a01152,1
a01153,1
a01163,1
a01173,1
a01183,1
a01187,1
a01189,1
a01190,1
a01195,1
a01199,1
a01202,1
a01220,1
a01225,1
a01227,1
a01233,1
a01235,1
a01240,1
a01252,1
a01262,1
a01263,1
a01271,1
a01276,1
a01279,1
a01284,1
a01292,1
a01296,1
a01299,1
a01316,1
a01325,1
a01329,1
a01343,1
a01346,1
a01348,1
a01351,1
a01357,1
a01359,1
a01364,1
a01371,1
a01375,1
a01376,1
a01377,1
a01378,1
a01380,1
a01396,1
a01398,1
a01400,1
a01403,1
a01409,1
a01410,1
a01412,1
a01413,1
a01414,1
a01415,1
a01417,1
a01418,1
a01419,1
a01420,1
a01422,1
a01425,1
a01426,1
a01428,1
a01445,1
a01451,1
a01452,1
a01457,1
a01458,1
a01460,1
a01462,1
a01464,1
a01473,1
a01485,1
a01486,1
a01488,1
a01498,1
a01500,1
a01505,1
a01507,1
a01510,1
a01512,1
a01517,1
a01520,1
a01524,1
a01525,1
a01532,1
a01543,1
a01550,1
a01555,1
a01559,1
a01561,1
a01572,1
a01582,1
a01589,1
a01612,1
a01619,1
a01626,1
a01640,1
a01644,1
a01651,1
a01657,1
a01664,1
a01671,1
a01682,1
a01685,1
a01696,1
a01699,1
a01700,1
a01703,1
a01707,1
a01709,1
a01716,1
a01720,1
a01724,1
a01725,1
a01728,1
a01732,1
a01738,1
a01739,1
a01742,1
a01744,1
a01748,1
a01767,1
a01775,1
a01776,1
a01786,1
a01800,1
a01806,1
a01809,1
a01815,1
a01817,1
a01818,1
a01824,1
a01833,1
a01834,1
a01840,1
a01843,1
a01845,1
a01846,1
a01856,1
a01857,1
a01860,1
a01869,1
a01881,1
a01887,1
a01890,1
a01898,1
a01910,1
a01912,1
a01931,1
a01932,1
a01938,1
a01945,1
a01951,1
a01954,1
a01967,1
a01968,1
a01981,1
a01994,1
a01995,1
a02000,1
a02009,1
a02013,1
a02031,1
a02049,1
a02054,1
a02076,1
a02081,1
a02092,1
a02095,1
a02098,1
a02100,1
a02103,1
a02119,1
a02122,1
a02124,1
a02128,1
a02131,1
a02139,1
a02140,1
a02142,1
a02143,1
a02147,1
a02148,1
a02149,1
a02150,1
a02153,1
a02160,1
a02165,1
a02174,1
a02186,1
a02189,1
a02195,1
a02205,1
a02208,1
a02225,1
a02227,1
a02230,1
a02237,1
a02243,1
a02254,1
a02261,1
a02266,1
a02270,1
a02273,1
a02280,1
a02285,1
a02300,1
a02301,1
a02304,1
a02306,1
a02315,1
a02318,1
a02330,1
a02332,1
a02344,1
a02349,1
a02353,1
a02366,1
a02367,1
a02371,1
a02373,1
a02381,1
a02389,1
a02391,1
a02402,1
a02410,1
a02418,1
a02436,1
a02445,1
a02457,1
a02479,1
a02489,1
a02503,1
a02504,1
a02506,1
a02513,1
a02514,1
a02515,1
a02518,1
a02530,1
a02537,1
a02545,1
a02549,1
a02554,1
a02557,1
a02581,1
a02584,1
a02591,1
a02594,1
a02596,1
a02597,1
a02599,1
a02603,1
a02605,1
a02612,1
a02615,1
a02620,1
a02625,1
a02633,1
a02638,1
a02640,1
a02641,1
a02650,1
a02660,1
a02661,1
a02687,1
a02688,1
a02689,1
a02697,1
a02701,1
a02712,1
a02716,1
a02718,1
a02719,1
a02728,1
a02729,1
a02730,1
a02734,1
a02737,1
a02745,1
a02757,1
a02769,1
a02776,1
a02777,1
a02778,1
a02779,1
a02783,1
a02784,1
a02796,1
a02802,1
a02803,1
a02804,1
a02805,1
a02814,1
a02815,1
a02817,1
a02824,1
a02830,1
a02831,1
a02834,1
a02836,1
a02839,1
a02840,1
a02841,1
a02842,1
a02846,1
a02848,1
a02851,1
a02856,1
a02863,1
a02871,1
a02873,1
a02874,1
a02878,1
a02881,1
a02883,1
a02885,1
a02889,1
a02894,1
a02896,1
a02900,1
a02902,1
a02903,1
a02909,1
a02915,1
a02916,1
a02917,1
a02920,1
a02933,1
a02936,1
a02948,1
a02949,1
a02957,1
a02965,1
a03011,1
a03017,1
a03029,1
a03031,1
a03033,1
a03041,1
a03044,1
a03047,1
a03049,1
a03051,1
a03053,1
a03058,1
a03063,1
a03064,1
a03068,1
a03073,1
a03074,1
a03078,1
a03079,1
a03084,1
a03094,1
a03095,1
a03105,1
a03106,1
a03120,1
a03121,1
a03133,1
a03136,1
a03138,1
a03144,1
a03146,1
a03156,1
a03167,1
a03178,1
a03190,1
a03197,1
a03200,1
a03203,1
a03205,1
a03211,1
a03212,1
a03222,1
a03225,1
a03228,1
a03230,1
a03232,1
a03234,1
a03235,1
a03239,1
a03241,1
a03242,1
a03250,1
a03253,1
a03256,1
a03257,1
a03259,1
a03267,1
a03270,1
a03271,1
a03284,1
a03292,1
a03298,1
a03302,1
a03306,1
a03313,1
a03314,1
a03334,1
a03339,1
a03346,1
a03357,1
a03367,1
a03369,1
a03378,1
a03388,1
a03389,1
a03396,1
a03399,1
a03406,1
a03408,1
a03412,1
a03413,1
a03415,1
a03418,1
a03419,1
a03428,1
a03430,1
a03431,1
a03433,1
a03448,1
a03456,1
a03458,1
a03467,1
a03468,1
a03469,1
a03472,1
a03474,1
a03478,1
a03485,1
a03491,1
a03499,1
a03503,1
a03504,1
a03509,1
a03513,1
a03531,1
a03540,1
a03541,1
a03542,1
a03544,1
a03547,1
a03550,1
a03562,1
a03565,1
a03566,1
a03570,1
a03573,1
a03580,1
a03594,1
a03595,1
a03598,1
a03600,1
a03604,1
a03605,1
a03615,1
a03619,1
a03625,1
a03627,1
a03629,1
a03643,1
a03648,1
a03651,1
a03652,1
a03654,1
a03656,1
a03660,1
a03669,1
a03672,1
a03683,1
a03688,1
a03717,1
a03724,1
a03726,1
a03734,1
a03739,1
a03745,1
a03746,1
a03756,1
a03773,1
a03782,1
a03783,1
a03787,1
a03788,1
a03791,1
a03796,1
a03798,1
a03803,1
a03805,1
a03806,1
a03819,1
a03828,1
a03838,1
a03849,1
a03850,1
a03853,1
a03855,1
a03857,1
a03859,1
a03861,1
a03862,1
a03866,1
a03873,1
a03874,1
a03877,1
a03879,1
a03888,1
a03890,1
a03900,1
a03901,1
a03904,1
a03908,1
a03911,1
a03915,1
a03918,1
a03920,1
a03922,1
a03923,1
a03933,1
a03939,1
a03951,1
a03962,1
a03966,1
a03967,1
a03978,1
a03980,1
a03983,1
a03986,1
a03987,1
a03999,1
a04003,1
a04004,1
a04007,1
a04013,1
a04021,1
a04027,1
a04030,1
a04035,1
a04053,1
a04058,1
a04086,1
a04096,1
a04102,1
a04103,1
a04108,1
a04109,1
a04112,1
a04132,1
a04141,1
a04151,1
a04152,1
a04170,1
a04171,1
a04174,1
a04176,1
a04178,1
a04180,1
a04181,1
a04211,1
a04212,1
a04213,1
a04221,1
a04225,1
a04228,1
a04229,1
a04244,1
a04248,1
a04249,1
a04251,1
a04256,1
a04258,1
a04266,1
a04267,1
a04269,1
a04271,1
a04272,1
a04279,1
a04283,1
a04286,1
a04291,1
a04293,1
a04300,1
a04313,1
a04314,1
a04316,1
a04327,1
a04329,1
a04341,1
a04344,1
a04345,1
a04346,1
a04353,1
a04355,1
a04357,1
a04359,1
a04379,1
a04388,1
a04389,1
a04390,1
a04405,1
a04407,1
a04410,1
a04414,1
a04416,1
a04418,1
a04422,1
a04429,1
a04438,1
a04442,1
a04443,1
a04446,1
a04460,1
a04463,1
a04464,1
a04466,1
a04467,1
a04469,1
a04495,1
a04497,1
a04500,1
a04507,1
a04515,1
a04521,1
a04525,1
a04527,1
a04538,1
a04540,1
a04541,1
a04542,1
a04557,1
a04558,1
a04565,1
a04569,1
a04570,1
a04571,1
a04575,1
a04594,1
a04600,1
a04602,1
a04627,1
a04631,1
a04640,1
a04644,1
a04647,1
a04649,1
a04650,1
a04652,1
a04654,1
a04656,1
a04657,1
a04662,1
a04669,1
a04670,1
a04671,1
a04672,1
a04678,1
a04679,1
a04691,1
a04702,1
a04708,1
a04717,1
a04719,1
a04720,1
a04722,1
a04728,1
a04733,1
a04739,1
a04746,1
a04751,1
a04764,1
a04766,1
a04777,1
a04780,1
a04793,1
a04794,1
a04807,1
a04809,1
a04812,1
a04813,1
a04819,1
a04823,1
a04830,1
a04833,1
a04836,1
a04837,1
a04852,1
a04861,1
a04874,1
a04894,1
a04897,1
a04910,1
a04916,1
a04917,1
a04920,1
a04927,1
a04928,1
a04933,1
a04934,1
a04939,1
a04943,1
a04945,1
a04946,1
a04952,1
a04963,1
a04964,1
a04969,1
a04973,1
a04980,1
a04982,1
a04985,1
a04991,1
a04994,1
a05006,1
a05010,1
a05012,1
a05016,1
a05017,1
a05018,1
a05032,1
a05040,1
a05042,1
a05043,1
a05050,1
a05051,1
a05061,1
a05064,1
a05082,1
a05088,1
a05090,1
a05093,1
a05095,1
a05098,1
a05102,1
a05108,1
a05110,1
a05119,1
a05127,1
a05129,1
a05134,1
a05138,1
a05143,1
a05149,1
a05152,1
a05161,1
a05170,1
a05172,1
a05173,1
a05174,1
a05187,1
a05188,1
a05195,1
a05202,1
a05206,1
a05209,1
a05211,1
a05215,1
a05228,1
a05264,1
a05289,1
a05290,1
a05293,1
a05296,1
a05304,1
a05311,1
a05313,1
a05320,1
a05323,1
a05324,1
a05327,1
a05340,1
a05355,1
a05362,1
a05363,1
a05364,1
a05370,1
a05373,1
a05389,1
a05392,1
a05393,1
a05397,1
a05417,1
a05418,1
a05421,1
a05442,1
a05444,1
a05452,1
a05459,1
a05462,1
a05464,1
a05469,1
a05477,1
a05482,1
a05486,1
a05489,1
a05490,1
a05491,1
a05497,1
a05504,1
a05505,1
a05509,1
a05512,1
a05514,1
a05519,1
a05521,1
a05523,1
a05524,1
a05526,1
a05533,1
a05536,1
a05538,1
a05542,1
a05544,1
a05546,1
a05550,1
a05575,1
a05578,1
a05580,1
a05589,1
a05598,1
a05603,1
a05624,1
a05632,1
a05641,1
a05643,1
a05644,1
a05656,1
a05667,1
a05675,1
a05679,1
a05682,1
a05693,1
a05704,1
a05707,1
a05709,1
a05714,1
a05717,1
a05727,1
a05734,1
a05740,1
a05742,1
a05749,1
a05755,1
a05766,1
a05768,1
a05772,1
a05784,1
a05785,1
a05793,1
a05797,1
a05807,1
a05810,1
a05811,1
a05817,1
a05819,1
a05831,1
a05833,1
a05838,1
a05841,1
a05843,1
a05844,1
a05846,1
a05851,1
a05854,1
a05862,1
a05869,1
a05872,1
a05876,1
a05877,1
a05880,1
a05883,1
a05885,1
a05891,1
a05901,1
a05902,1
a05915,1
a05928,1
a05940,1
a05943,1
a05944,1
a05945,1
a05949,1
a05959,1
a05963,1
a05964,1
a05967,1
a05970,1
a05973,1
a05985,1
a05998,1
a06015,1
a06016,1
a06028,1
a06036,1
a06040,1
a06042,1
a06046,1
a06062,1
a06065,1
a06066,1
a06080,1
a06086,1
a06091,1
a06092,1
a06099,1
a06100,1
a06107,1
a06109,1
a06112,1
a06120,1
a06130,1
a06134,1
a06139,1
a06148,1
a06149,1
a06158,1
a06159,1
a06160,1
a06165,1
a06170,1
a06183,1
a06194,1
a06195,1
a06196,1
a06207,1
a06210,1
a06212,1
a06217,1
a06221,1
a06222,1
a06225,1
a06236,1
a06250,1
a06253,1
a06265,1
a06267,1
a06269,1
a06272,1
a06281,1
a06282,1
a06292,1
a06294,1
a06299,1
a06301,1
a06311,1
a06320,1
a06335,1
a06340,1
a06344,1
a06347,1
a06357,1
a06366,1
a06390,1
a06392,1
a06395,1
a06403,1
a06410,1
a06411,1
a06418,1
a06419,1
a06423,1
a06424,1
a06428,1
a06430,1
a06436,1
a06439,1
a06440,1
a06441,1
a06445,1
a06450,1
a06457,1
a06461,1
a06462,1
a06468,1
a06469,1
a06474,1
a06478,1
a06483,1
a06484,1
a06496,1
a06501,1
a06502,1
a06509,1
a06513,1
a06516,1
a06517,1
a06524,1
a06527,1
a06534,1
a06535,1
a06540,1
a06545,1
a06547,1
a06553,1
a06555,1
a06557,1
a06560,1
a06568,1
a06571,1
a06576,1
a06581,1
a06585,1
a06586,1
a06594,1
a06598,1
a06606,1
a06608,1
a06623,1
a06624,1
a06631,1
a06647,1
a06650,1
a06666,1
a06667,1
a06669,1
a06673,1
a06675,1
a06678,1
a06689,1
a06704,1
a06705,1
a06706,1
a06711,1
a06729,1
a06736,1
a06741,1
a06745,1
a06748,1
a06754,1
a06755,1
a06760,1
a06769,1
a06770,1
a06776,1
a06779,1
a06788,1
a06801,1
a06805,1
a06807,1
a06810,1
a06813,1
a06823,1
a06827,1
a06833,1
a06842,1
a06848,1
a06851,1
a06864,1
a06874,1
a06887,1
a06888,1
a06890,1
a06891,1
a06909,1
a06913,1
a06918,1
a06937,1
a06938,1
a06942,1
a06949,1
a06956,1
a06960,1
a06961,1
a06969,1
a06970,1
a06974,1
a06975,1
a06976,1
a06977,1
a06986,1
a06994,1
a06996,1
a06997,1
a07006,1
a07018,1
a07027,1
a07029,1
a07030,1
a07037,1
a07038,1
a07039,1
a07057,1
a07060,1
a07064,1
a07066,1
a07067,1
a07073,1
a07077,1
a07093,1
a07103,1
a07114,1
a07117,1
a07123,1
a07124,1
a07129,1
a07130,1
a07132,1
a07137,1
a07142,1
a07143,1
a07145,1
a07146,1
a07166,1
a07168,1
a07173,1
a07178,1
a07179,1
a07186,1
a07188,1
a07194,1
a07201,1
a07203,1
a07213,1
a07218,1
a07219,1
a07225,1
a07237,1
a07243,1
a07253,1
a07256,1
a07263,1
a07269,1
a07270,1
a07272,1
a07274,1
a07276,1
a07280,1
a07285,1
a07287,1
a07289,1
a07292,1
a07294,1
a07295,1
a07308,1
a07313,1
a07315,1
a07316,1
a07324,1
a07343,1
a07368,1
a07384,1
a07405,1
a07408,1
a07410,1
a07412,1
a07416,1
a07418,1
a07421,1
a07427,1
a07434,1
a07440,1
a07442,1
a07445,1
a07456,1
a07468,1
a07471,1
a07475,1
a07484,1
a07487,1
a07495,1
a07499,1
a07500,1
a07501,1
a07503,1
a07512,1
a07517,1
a07518,1
a07522,1
a07527,1
a07532,1
a07535,1
a07537,1
a07539,1
a07552,1
a07556,1
a07561,1
a07565,1
a07578,1
a07579,1
a07585,1
a07590,1
a07591,1
a07592,1
a07615,1
a07635,1
a07637,1
a07648,1
a07650,1
a07653,1
a07654,1
a07655,1
a07657,1
a07661,1
a07664,1
a07669,1
a07674,1
a07676,1
a07679,1
a07681,1
a07695,1
a07699,1
a07707,1
a07719,1
a07720,1
a07728,1
a07730,1
a07733,1
a07738,1
a07753,1
a07756,1
a07769,1
a07773,1
a07788,1
a07793,1
a07795,1
a07801,1
a07814,1
a07820,1
a07822,1
a07825,1
a07826,1
a07829,1
a07830,1
a07838,1
a07840,1
a07841,1
a07845,1
a07847,1
a07862,1
a07863,1
a07870,1
a07885,1
a07892,1
a07897,1
a07910,1
a07921,1
a07941,1
a07945,1
a07950,1
a07953,1
a07957,1
a07960,1
a07965,1
a07966,1
a07967,1
a07969,1
a07974,1
a07976,1
a07981,1
a07992,1
a07998,1
a08002,1
a08006,1
a08012,1
a08016,1
a08017,1
a08021,1
a08040,1
a08045,1
a08049,1
a08053,1
a08061,1
a08063,1
a08065,1
a08066,1
a08074,1
a08078,1
a08079,1
a08087,1
a08091,1
a08097,1
a08107,1
a08118,1
a08119,1
a08121,1
a08122,1
a08138,1
a08144,1
a08153,1
a08158,1
a08162,1
a08165,1
a08178,1
a08180,1
a08204,1
a08206,1
a08212,1
a08229,1
a08236,1
a08242,1
a08244,1
a08252,1
a08262,1
a08268,1
a08271,1
a08273,1
a08274,1
a08282,1
a08293,1
a08299,1
a08304,1
a08308,1
a08314,1
a08320,1
a08329,1
a08332,1
a08336,1
a08337,1
a08339,1
a08341,1
a08342,1
a08343,1
a08353,1
a08355,1
a08369,1
a08373,1
a08377,1
a08388,1
a08389,1
a08407,1
a08416,1
a08418,1
a08427,1
a08435,1
a08439,1
a08441,1
a08443,1
a08444,1
a08455,1
a08460,1
a08463,1
a08465,1
a08473,1
a08474,1
a08480,1
a08481,1
a08482,1
a08485,1
a08487,1
a08491,1
a08495,1
a08498,1
a08499,1
a08515,1
a08516,1
a08524,1
a08525,1
a08532,1
a08535,1
a08538,1
a08546,1
a08551,1
a08553,1
a08554,1
a08568,1
a08570,1
a08574,1
a08576,1
a08580,1
a08589,1
a08592,1
a08595,1
a08601,1
a08607,1
a08622,1
a08627,1
a08631,1
a08636,1
a08643,1
a08649,1
a08658,1
a08660,1
a08664,1
a08667,1
a08673,1
a08687,1
a08688,1
a08689,1
a08693,1
a08697,1
a08699,1
a08700,1
a08702,1
a08709,1
a08714,1
a08722,1
a08725,1
a08728,1
a08741,1
a08752,1
a08753,1
a08755,1
a08761,1
a08764,1
a08773,1
a08785,1
a08789,1
a08791,1
a08796,1
a08812,1
a08813,1
a08815,1
a08821,1
a08835,1
a08840,1
a08843,1
a08865,1
a08874,1
a08879,1
a08881,1
a08887,1
a08891,1
a08902,1
a08905,1
a08906,1
a08915,1
a08918,1
a08926,1
a08931,1
a08933,1
a08940,1
a08942,1
a08944,1
a08958,1
a08963,1
a08964,1
a08968,1
a08979,1
a08990,1
a08994,1
a08995,1
a08999,1
a09012,1
a09013,1
a09014,1
a09019,1
a09023,1
a09026,1
a09029,1
a09031,1
a09039,1
a09042,1
a09054,1
a09061,1
a09064,1
a09068,1
a09072,1
a09073,1
a09077,1
a09089,1
a09090,1
a09095,1
a09102,1
a09103,1
a09107,1
a09108,1
a09109,1
a09114,1
a09115,1
a09129,1
a09136,1
a09139,1
a09149,1
a09157,1
a09177,1
a09179,1
a09182,1
a09193,1
a09201,1
a09203,1
a09204,1
a09208,1
a09216,1
a09220,1
a09225,1
a09228,1
a09229,1
a09231,1
a09232,1
a09233,1
a09239,1
a09240,1
a09243,1
a09245,1
a09248,1
a09249,1
a09256,1
a09260,1
a09265,1
a09266,1
a09274,1
a09275,1
a09291,1
a09293,1
a09295,1
a09296,1
a09297,1
a09298,1
a09306,1
a09314,1
a09315,1
a09323,1
a09328,1
a09329,1
a09336,1
a09337,1
a09339,1
a09342,1
a09343,1
a09351,1
a09353,1
a09356,1
a09361,1
a09364,1
a09367,1
a09369,1
a09373,1
a09375,1
a09379,1
a09387,1
a09396,1
a09402,1
a09408,1
a09415,1
a09417,1
a09421,1
a09427,1
a09428,1
a09429,1
a09433,1
a09437,1
a09439,1
a09445,1
a09450,1
a09454,1
a09457,1
a09459,1
a09470,1
a09474,1
a09478,1
a09482,1
a09496,1
a09499,1
a09500,1
a09501,1
a09504,1
a09521,1
a09527,1
a09541,1
a09545,1
a09550,1
a09559,1
a09560,1
a09561,1
a09565,1
a09566,1
a09570,1
a09580,1
a09581,1
a09588,1
a09591,1
a09594,1
a09611,1
a09612,1
a09615,1
a09627,1
a09628,1
a09632,1
a09645,1
a09649,1
a09652,1
a09653,1
a09661,1
a09666,1
a09668,1
a09680,1
a09692,1
a09695,1
a09696,1
a09697,1
a09701,1
a09703,1
a09706,1
a09708,1
a09718,1
a09724,1
a09727,1
a09739,1
a09740,1
a09741,1
a09743,1
a09755,1
a09757,1
a09763,1
a09765,1
a09766,1
a09768,1
a09783,1
a09785,1
a09788,1
a09799,1
a09807,1
a09810,1
a09817,1
a09820,1
a09822,1
a09826,1
a09827,1
a09831,1
a09838,1
a09843,1
a09849,1
a09853,1
a09854,1
a09855,1
a09882,1
a09885,1
a09890,1
a09902,1
a09907,1
a09911,1
a09917,1
a09919,1
a09928,1
a09930,1
a09931,1
a09938,1
a09941,1
a09953,1
a09957,1
a09961,1
a09965,1
a09969,1
a09974,1
a09985,1
a09987,1
a10007,1
a10010,1
a10012,1
a10015,1
a10021,1
a10035,1
a10038,1
a10045,1
a10047,1
a10049,1
a10050,1
a10051,1
a10056,1
a10065,1
a10074,1
a10079,1
a10088,1
a10100,1
a10113,1
a10115,1
a10119,1
a10124,1
a10132,1
a10138,1
a10139,1
a10146,1
a10165,1
a10171,1
a10175,1
a10190,1
a10196,1
a10198,1
a10202,1
a10203,1
a10206,1
a10207,1
a10209,1
a10210,1
a10213,1
a10217,1
a10218,1
a10220,1
a10229,1
a10231,1
a10233,1
a10239,1
a10245,1
a10251,1
a10255,1
a10258,1
a10259,1
a10266,1
a10270,1
a10274,1
a10276,1
a10285,1
a10289,1
a10291,1
a10296,1
a10310,1
a10330,1
a10337,1
a10339,1
a10340,1
a10344,1
a10351,1
a10356,1
a10360,1
a10361,1
a10364,1
a10367,1
a10369,1
a10371,1
a10381,1
a10382,1
a10385,1
a10386,1
a10397,1
a10400,1
a10402,1
a10405,1
a10409,1
a10427,1
a10438,1
a10443,1
a10452,1
a10456,1
a10461,1
a10463,1
a10469,1
a10481,1
a10484,1
a10489,1
a10497,1
a10499,1
a10500,1
a10503,1
a10509,1
a10511,1
a10523,1
a10532,1
a10533,1
a10539,1
a10541,1
a10563,1
a10564,1
a10573,1
a10589,1
a10595,1
a10596,1
a10598,1
a10601,1
a10604,1
a10607,1
a10620,1
a10626,1
a10629,1
a10630,1
a10632,1
a10640,1
a10641,1
a10652,1
a10653,1
a10655,1
a10658,1
a10674,1
a10678,1
a10679,1
a10680,1
a10682,1
a10690,1
a10692,1
a10697,1
a10709,1
a10717,1
a10725,1
a10727,1
a10728,1
a10730,1
a10732,1
a10737,1
a10740,1
a10742,1
a10745,1
a10755,1
a10760,1
a10765,1
a10769,1
a10773,1
a10774,1
a10775,1
a10783,1
a10808,1
a10815,1
a10822,1
a10824,1
a10826,1
a10832,1
a10835,1
a10837,1
a10846,1
a10860,1
a10868,1
a10876,1
a10897,1
a10904,1
a10916,1
a10926,1
a10927,1
a10933,1
a10935,1
a10937,1
a10938,1
a10956,1
a10964,1
a10982,1
a10988,1
a10991,1
a10996,1
a10998,1
a11011,1
a11014,1
a11018,1
a11021,1
a11023,1
a11025,1
a11039,1
a11046,1
a11048,1
a11049,1
a11056,1
a11059,1
a11061,1
a11063,1
a11066,1
a11080,1
a11083,1
a11086,1
a11090,1
a11119,1
a11130,1
a11132,1
a11143,1
a11149,1
a11150,1
a11151,1
a11157,1
a11160,1
a11161,1
a11167,1
a11169,1
a11180,1
a11183,1
a11190,1
a11195,1
a11198,1
a11210,1
a11216,1
a11220,1
a11224,1
a11243,1
a11244,1
a11248,1
a11249,1
a11257,1
a11259,1
a11269,1
a11271,1
a11273,1
a11278,1
a11281,1
a11303,1
a11304,1
a11306,1
a11309,1
a11310,1
a11311,1
a11331,1
a11339,1
a11343,1
a11347,1
a11349,1
a11351,1
a11362,1
a11363,1
a11365,1
a11369,1
a11376,1
a11381,1
a11389,1
a11390,1
a11391,1
a11405,1
a11407,1
a11410,1
a11411,1
a11414,1
a11415,1
a11416,1
a11438,1
a11440,1
a11442,1
a11453,1
a11456,1
a11458,1
a11462,1
a11466,1
a11467,1
a11469,1
a11471,1
a11476,1
a11483,1
a11508,1
a11509,1
a11510,1
a11518,1
a11523,1
a11524,1
a11527,1
a11536,1
a11537,1
a11539,1
a11543,1
a11547,1
a11549,1
a11550,1
a11551,1
a11558,1
a11569,1
a11572,1
a11575,1
a11583,1
a11594,1
a11595,1
a11597,1
a11598,1
a11603,1
a11611,1
a11613,1
a11615,1
a11617,1
a11622,1
a11632,1
a11636,1
a11643,1
a11654,1
a11659,1
a11667,1
a11675,1
a11678,1
a11679,1
a11680,1
a11681,1
a11685,1
a11694,1
a11699,1
a11700,1
a11713,1
a11720,1
a11722,1
a11725,1
a11739,1
a11741,1
a11744,1
a11745,1
a11750,1
a11758,1
a11762,1
a11763,1
a11768,1
a11770,1
a11779,1
a11783,1
a11785,1
a11786,1
a11787,1
a11789,1
a11793,1
a11797,1
a11808,1
a11812,1
a11815,1
a11824,1
a11829,1
a11832,1
a11833,1
a11835,1
a11846,1
a11853,1
a11858,1
a11859,1
a11865,1
a11868,1
a11876,1
a11879,1
a11883,1
a11893,1
a11895,1
a11897,1
a11903,1
a11907,1
a11913,1
a11917,1
a11922,1
a11931,1
a11943,1
a11948,1
a11951,1
a11956,1
a11958,1
a11969,1
a11973,1
a11981,1
a11987,1
a11992,1
a11996,1
a11997,1
a12001,1
a12024,1
a12025,1
a12033,1
a12035,1
a12050,1
a12052,1
a12055,1
a12058,1
a12068,1
a12099,1
a12106,1
a12112,1
a12118,1
a12123,1
a12133,1
a12140,1
a12143,1
a12144,1
a12157,1
a12159,1
a12166,1
a12167,1
a12173,1
a12174,1
a12177,1
a12188,1
a12194,1
a12196,1
a12199,1
a12206,1
a12218,1
a12222,1
a12226,1
a12227,1
a12235,1
a12237,1
a12241,1
a12243,1
a12253,1
a12254,1
a12260,1
a12265,1
a12266,1
a12270,1
a12274,1
a12279,1
a12282,1
a12287,1
a12295,1
a12296,1
a12297,1
a12298,1
a12311,1
a12315,1
a12316,1
a12319,1
a12322,1
a12326,1
a12331,1
a12334,1
a12343,1
a12346,1
a12352,1
a12353,1
a12358,1
a12360,1
a12365,1
a12366,1
a12369,1
a12372,1
a12394,1
a12397,1
a12399,1
a12406,1
a12408,1
a12419,1
a12421,1
a12422,1
a12424,1
a12426,1
a12429,1
a12431,1
a12440,1
a12444,1
a12447,1
a12450,1
a12451,1
a12461,1
a12463,1
a12464,1
a12469,1
a12475,1
a12476,1
a12485,1
a12489,1
a12493,1
a12494,1
a12498,1
a12500,1
a12516,1
a12518,1
a12520,1
a12529,1
a12543,1
a12560,1
a12566,1
a12571,1
a12572,1
a12578,1
a12579,1
a12580,1
a12584,1
a12589,1
a12592,1
a12628,1
a12629,1
a12637,1
a12642,1
a12644,1
a12650,1
a12661,1
a12670,1
a12671,1
a12679,1
a12698,1
a12699,1
a12706,1
a12711,1
a12718,1
a12720,1
a12724,1
a12731,1
a12735,1
a12736,1
a12737,1
a12739,1
a12741,1
a12744,1
a12745,1
a12747,1
a12771,1
a12773,1
a12786,1
a12788,1
a12791,1
a12805,1
a12811,1
a12814,1
a12819,1
a12825,1
a12833,1
a12834,1
a12842,1
a12853,1
a12854,1
a12855,1
a12862,1
a12881,1
a12882,1
a12886,1
a12896,1
a12897,1
a12920,1
a12923,1
a12933,1
a12935,1
a12938,1
a12957,1
a12961,1
a12967,1
a12972,1
a12978,1
a12983,1
a12996,1
a12999,1
a13001,1
a13004,1
a13010,1
a13015,1
a13019,1
a13021,1
a13022,1
a13025,1
a13029,1
a13031,1
a13033,1
a13051,1
a13052,1
a13057,1
a13063,1
a13064,1
a13071,1
a13076,1
a13083,1
a13088,1
a13090,1
a13092,1
a13098,1
a13104,1
a13116,1
a13122,1
a13140,1
a13143,1
a13150,1
a13151,1
a13159,1
a13161,1
a13162,1
a13176,1
a13183,1
a13184,1
a13185,1
a13187,1
a13201,1
a13202,1
a13204,1
a13212,1
a13213,1
a13222,1
a13223,1
a13225,1
a13227,1
a13228,1
a13239,1
a13254,1
a13257,1
a13260,1
a13261,1
a13263,1
a13266,1
a13281,1
a13283,1
a13284,1
a13285,1
a13294,1
a13295,1
a13296,1
a13305,1
a13309,1
a13311,1
a13322,1
a13325,1
a13327,1
a13340,1
a13341,1
a13343,1
a13346,1
a13347,1
a13362,1
a13367,1
a13369,1
a13372,1
a13374,1
a13382,1
a13388,1
a13396,1
a13409,1
a13412,1
a13421,1
a13423,1
a13427,1
a13429,1
a13436,1
a13438,1
a13464,1
a13465,1
a13476,1
a13481,1
a13482,1
a13485,1
a13492,1
a13497,1
a13500,1
a13502,1
a13527,1
a13528,1
a13547,1
a13556,1
a13566,1
a13571,1
a13591,1
a13595,1
a13603,1
a13607,1
a13608,1
a13613,1
a13615,1
a13620,1
a13621,1
a13624,1
a13626,1
a13631,1
a13636,1
a13638,1
a13645,1
a13647,1
a13649,1
a13652,1
a13655,1
a13656,1
a13659,1
a13681,1
a13687,1
a13694,1
a13696,1
a13698,1
a13710,1
a13721,1
a13725,1
a13728,1
a13732,1
a13734,1
a13744,1
a13747,1
a13751,1
a13772,1
a13774,1
a13780,1
a13781,1
a13792,1
a13794,1
a13795,1
a13808,1
a13810,1
a13813,1
a13819,1
a13833,1
a13835,1
a13844,1
a13851,1
a13853,1
a13862,1
a13868,1
a13875,1
a13877,1
a13880,1
a13884,1
a13893,1
a13894,1
a13895,1
a13913,1
a13921,1
a13922,1
a13924,1
a13926,1
a13947,1
a13955,1
a13958,1
a13960,1
a13961,1
a13963,1
a13967,1
a13969,1
a13992,1
a13993,1
a13999,1
a14012,1
a14019,1
a14021,1
a14025,1
a14033,1
a14035,1
a14039,1
a14042,1
a14047,1
a14065,1
a14066,1
a14068,1
a14098,1
a14099,1
a14104,1
a14107,1
a14112,1
a14115,1
a14119,1
a14130,1
a14143,1
a14144,1
a14153,1
a14155,1
a14158,1
a14161,1
a14162,1
a14176,1
a14177,1
a14187,1
a14188,1
a14192,1
a14194,1
a14213,1
a14217,1
a14221,1
a14250,1
a14251,1
a14252,1
a14257,1
a14258,1
a14265,1
a14267,1
a14284,1
a14289,1
a14306,1
a14311,1
a14314,1
a14315,1
a14316,1
a14323,1
a14325,1
a14327,1
a14330,1
a14335,1
a14337,1
a14344,1
a14347,1
a14348,1
a14352,1
a14353,1
a14355,1
a14360,1
a14361,1
a14368,1
a14370,1
a14375,1
a14379,1
a14398,1
a14402,1
a14408,1
a14411,1
a14421,1
a14423,1
a14426,1
a14431,1
a14434,1
a14439,1
a14445,1
a14446,1
a14447,1
a14452,1
a14475,1
a14494,1
a14498,1
a14507,1
a14523,1
a14525,1
a14535,1
a14541,1
a14546,1
a14548,1
a14550,1
a14557,1
a14572,1
a14575,1
a14591,1
a14601,1
a14602,1
a14611,1
a14615,1
a14618,1
a14619,1
a14629,1
a14637,1
a14649,1
a14651,1
a14652,1
a14659,1
a14664,1
a14668,1
a14673,1
a14678,1
a14679,1
a14687,1
a14691,1
a14693,1
a14703,1
a14706,1
a14709,1
a14711,1
a14712,1
a14713,1
a14727,1
a14728,1
a14738,1
a14741,1
a14743,1
a14753,1
a14755,1
a14757,1
a14759,1
a14774,1
a14778,1
a14780,1
a14790,1
a14795,1
a14800,1
a14811,1
a14818,1
a14819,1
a14828,1
a14830,1
a14848,1
a14852,1
a14867,1
a14868,1
a14870,1
a14872,1
a14876,1
a14877,1
a14890,1
a14894,1
a14895,1
a14902,1
a14912,1
a14915,1
a14916,1
a14918,1
a14919,1
a14930,1
a14931,1
a14945,1
a14950,1
a14954,1
a14964,1
a14965,1
a14967,1
a14969,1
a14976,1
a14983,1
a14989,1
a14990,1
a14998,1
a15001,1
a15011,1
a15012,1
a15021,1
a15023,1
a15028,1
a15030,1
a15036,1
a15041,1
a15044,1
a15050,1
a15054,1
a15058,1
a15062,1
a15071,1
a15072,1
a15074,1
a15079,1
a15094,1
a15099,1
a15101,1
a15102,1
a15111,1
a15114,1
a15118,1
a15124,1
a15130,1
a15134,1
a15136,1
a15144,1
a15147,1
a15153,1
a15157,1
a15163,1
a15175,1
a15177,1
a15179,1
a15182,1
a15199,1
a15204,1
a15205,1
a15218,1
a15228,1
a15242,1
a15246,1
a15247,1
a15257,1
a15269,1
a15273,1
a15281,1
a15284,1
a15285,1
a15288,1
a15300,1
a15315,1
a15317,1
a15333,1
a15334,1
a15335,1
a15336,1
a15341,1
a15345,1
a15346,1
a15348,1
a15349,1
a15359,1
a15367,1
a15369,1
a15373,1
a15374,1
a15381,1
a15382,1
a15383,1
a15394,1
a15400,1
a15404,1
a15405,1
a15408,1
a15416,1
a15417,1
a15420,1
a15421,1
a15427,1
a15440,1
a15445,1
a15450,1
a15455,1
a15456,1
a15467,1
a15468,1
a15471,1
a15479,1
a15481,1
a15490,1
a15508,1
a15510,1
a15516,1
a15527,1
a15530,1
a15548,1
a15553,1
a15557,1
a15560,1
a15565,1
a15566,1
a15567,1
a15572,1
a15573,1
a15583,1
a15604,1
a15606,1
a15608,1
a15611,1
a15619,1
a15622,1
a15624,1
a15627,1
a15638,1
a15639,1
a15647,1
a15650,1
a15652,1
a15660,1
a15662,1
a15665,1
a15675,1
a15678,1
a15680,1
a15682,1
a15686,1
a15688,1
a15693,1
a15695,1
a15709,1
a15713,1
a15721,1
a15723,1
a15724,1
a15727,1
a15729,1
a15731,1
a15732,1
a15741,1
a15742,1
a15745,1
a15753,1
a15759,1
a15763,1
a15771,1
a15774,1
a15776,1
a15777,1
a15778,1
a15783,1
a15791,1
a15804,1
a15806,1
a15813,1
a15814,1
a15817,1
a15824,1
a15829,1
a15834,1
a15835,1
a15847,1
a15849,1
a15857,1
a15867,1
a15873,1
a15877,1
a15883,1
a15891,1
a15897,1
a15902,1
a15907,1
a15913,1
a15923,1
a15928,1
a15929,1
a15937,1
a15940,1
a15945,1
a15947,1
a15952,1
a15959,1
a15960,1
a15976,1
a15989,1
a15993,1
a15999,1
a16004,1
a16009,1
a16013,1
a16021,1
a16022,1
a16024,1
a16026,1
a16027,1
a16033,1
a16049,1
a16051,1
a16054,1
a16055,1
a16060,1
a16066,1
a16067,1
a16068,1
a16093,1
a16094,1
a16096,1
a16097,1
a16099,1
a16107,1
a16114,1
a16117,1
a16122,1
a16128,1
a16131,1
a16135,1
a16145,1
a16147,1
a16148,1
a16158,1
a16166,1
a16167,1
a16184,1
a16189,1
a16198,1
a16200,1
a16209,1
a16216,1
a16217,1
a16221,1
a16223,1
a16224,1
a16229,1
a16234,1
a16235,1
a16236,1
a16250,1
a16259,1
a16260,1
a16264,1
a16266,1
a16276,1
a16282,1
a16294,1
a16299,1
a16300,1
a16304,1
a16307,1
a16309,1
a16314,1
a16317,1
a16336,1
a16338,1
a16340,1
a16341,1
a16349,1
a16352,1
a16356,1
a16359,1
a16361,1
a16367,1
a16369,1
a16371,1
a16373,1
a16377,1
a16389,1
a16393,1
a16402,1
a16413,1
a16415,1
a16421,1
a16425,1
a16431,1
a16432,1
a16436,1
a16446,1
a16447,1
a16450,1
a16459,1
a16467,1
a16473,1
a16485,1
a16490,1
a16496,1
a16502,1
a16503,1
a16506,1
a16514,1
a16530,1
a16542,1
a16554,1
a16572,1
a16573,1
a16574,1
a16577,1
a16578,1
a16581,1
a16583,1
a16584,1
a16585,1
a16591,1
a16592,1
a16611,1
a16614,1
a16619,1
a16623,1
a16632,1
a16633,1
a16640,1
a16641,1
a16656,1
a16676,1
a16686,1
a16687,1
a16689,1
a16692,1
a16693,1
a16694,1
a16695,1
a16698,1
a16699,1
a16702,1
a16703,1
a16706,1
a16708,1
a16709,1
a16738,1
a16749,1
a16752,1
a16753,1
a16765,1
a16772,1
a16774,1
a16778,1
a16802,1
a16803,1
a16806,1
a16813,1
a16815,1
a16816,1
a16820,1
a16821,1
a16824,1
a16827,1
a16839,1
a16841,1
a16842,1
a16847,1
a16852,1
a16855,1
a16856,1
a16857,1
a16861,1
a16866,1
a16868,1
a16869,1
a16871,1
a16873,1
a16876,1
a16878,1
a16891,1
a16899,1
a16905,1
a16915,1
a16918,1
a16931,1
a16934,1
a16938,1
a16945,1
a16950,1
a16954,1
a16956,1
a16963,1
a16968,1
a16974,1
a16979,1
a16988,1
a16994,1
a16996,1
a16998,1
a17011,1
a17016,1
a17018,1
a17021,1
a17024,1
a17025,1
a17036,1
a17037,1
a17048,1
a17053,1
a17056,1
a17067,1
a17078,1
a17082,1
a17084,1
a17088,1
a17095,1
a17110,1
a17112,1
a17115,1
a17129,1
a17134,1
a17135,1
a17151,1
a17153,1
a17170,1
a17174,1
a17192,1
a17193,1
a17196,1
a17204,1
a17209,1
a17213,1
a17215,1
a17220,1
a17222,1
a17223,1
a17231,1
a17232,1
a17233,1
a17235,1
a17241,1
a17247,1
a17249,1
a17256,1
a17258,1
a17261,1
a17267,1
a17268,1
a17272,1
a17274,1
a17277,1
a17278,1
a17283,1
a17294,1
a17295,1
a17296,1
a17298,1
a17299,1
a17300,1
a17301,1
a17308,1
a17314,1
a17329,1
a17330,1
a17331,1
a17359,1
a17362,1
a17365,1
a17368,1
a17373,1
a17378,1
a17380,1
a17381,1
a17386,1
a17387,1
a17389,1
a17391,1
a17392,1
a17395,1
a17396,1
a17403,1
a17404,1
a17412,1
a17420,1
a17425,1
a17429,1
a17436,1
a17440,1
a17441,1
a17443,1
a17444,1
a17447,1
a17453,1
a17456,1
a17457,1
a17459,1
a17460,1
a17476,1
a17486,1
a17488,1
a17493,1
a17496,1
a17499,1
a17503,1
a17507,1
a17522,1
a17523,1
a17542,1
a17543,1
a17550,1
a17553,1
a17559,1
a17564,1
a17574,1
a17576,1
a17587,1
a17588,1
a17592,1
a17611,1
a17634,1
a17637,1
a17643,1
a17657,1
a17665,1
a17668,1
a17688,1
a17693,1
a17701,1
a17711,1
a17731,1
a17735,1
a17745,1
a17748,1
a17753,1
a17759,1
a17761,1
a17763,1
a17774,1
a17805,1
a17810,1
a17811,1
a17812,1
a17819,1
a17830,1
a17831,1
a17845,1
a17852,1
a17859,1
a17874,1
a17875,1
a17879,1
a17880,1
a17883,1
a17886,1
a17887,1
a17889,1
a17908,1
a17910,1
a17921,1
a17935,1
a17938,1
a17941,1
a17942,1
a17967,1
a17970,1
a17974,1
a17998,1
a18000,1
a18001,1
a18005,1
a18007,1
a18008,1
a18010,1
a18022,1
a18029,1
a18031,1
a18032,1
a18035,1
a18040,1
a18044,1
a18047,1
a18050,1
a18058,1
a18065,1
a18067,1
a18070,1
a18077,1
a18085,1
a18088,1
a18097,1
a18099,1
a18111,1
a18113,1
a18118,1
a18129,1
a18137,1
a18145,1
a18147,1
a18149,1
a18152,1
a18158,1
a18168,1
a18179,1
a18180,1
a18184,1
a18186,1
a18199,1
a18200,1
a18203,1
a18210,1
a18211,1
a18217,1
a18223,1
a18227,1
a18231,1
a18234,1
a18241,1
a18244,1
a18246,1
a18249,1
a18252,1
a18254,1
a18266,1
a18274,1
a18278,1
a18285,1
a18300,1
a18302,1
a18308,1
a18310,1
a18311,1
a18321,1
a18328,1
a18333,1
a18336,1
a18341,1
a18342,1
a18362,1
a18369,1
a18370,1
a18384,1
a18399,1
a18405,1
a18408,1
a18411,1
a18415,1
a18425,1
a18428,1
a18434,1
a18437,1
a18439,1
a18441,1
a18462,1
a18463,1
a18470,1
a18471,1
a18472,1
a18476,1
a18483,1
a18499,1
a18515,1
a18538,1
a18543,1
a18548,1
a18549,1
a18572,1
a18590,1
a18591,1
a18596,1
a18608,1
a18628,1
a18643,1
a18659,1
a18664,1
a18670,1
a18678,1
a18679,1
a18681,1
a18683,1
a18687,1
a18688,1
a18691,1
a18704,1
a18705,1
a18706,1
a18707,1
a18709,1
a18717,1
a18727,1
a18731,1
a18736,1
a18747,1
a18750,1
a18755,1
a18757,1
a18761,1
a18767,1
a18771,1
a18773,1
a18774,1
a18780,1
a18781,1
a18783,1
a18795,1
a18797,1
a18802,1
a18809,1
a18811,1
a18816,1
a18821,1
a18822,1
a18824,1
a18830,1
a18831,1
a18833,1
a18845,1
a18849,1
a18852,1
a18855,1
a18864,1
a18877,1
a18878,1
a18879,1
a18881,1
a18882,1
a18884,1
a18890,1
a18891,1
a18892,1
a18897,1
a18899,1
a18901,1
a18904,1
a18906,1
a18911,1
a18917,1
a18921,1
a18922,1
a18923,1
a18940,1
a18943,1
a18944,1
a18960,1
a18961,1
a18962,1
a18974,1
a18977,1
a18980,1
a18989,1
a18997,1
a19001,1
a19003,1
a19017,1
a19018,1
a19021,1
a19030,1
a19053,1
a19056,1
a19069,1
a19070,1
a19084,1
a19085,1
a19087,1
a19089,1
a19090,1
a19095,1
a19097,1
a19098,1
a19099,1
a19109,1
a19115,1
a19120,1
a19128,1
a19138,1
a19140,1
a19157,1
a19161,1
a19164,1
a19192,1
a19196,1
a19201,1
a19202,1
a19204,1
a19220,1
a19229,1
a19239,1
a19242,1
a19250,1
a19256,1
a19260,1
a19277,1
a19278,1
a19279,1
a19299,1
a19305,1
a19313,1
a19317,1
a19327,1
a19331,1
a19340,1
a19342,1
a19343,1
a19351,1
a19367,1
a19369,1
a19374,1
a19375,1
a19379,1
a19384,1
a19385,1
a19394,1
a19405,1
a19406,1
a19408,1
a19423,1
a19428,1
a19431,1
a19432,1
a19435,1
a19438,1
a19439,1
a19443,1
a19447,1
a19469,1
a19475,1
a19476,1
a19496,1
a19505,1
a19518,1
a19520,1
a19524,1
a19535,1
a19538,1
a19539,1
a19541,1
a19542,1
a19547,1
a19551,1
a19554,1
a19566,1
a19568,1
a19569,1
a19571,1
a19578,1
a19580,1
a19585,1
a19586,1
a19587,1
a19589,1
a19602,1
a19608,1
a19611,1
a19616,1
a19632,1
a19646,1
a19648,1
a19651,1
a19661,1
a19662,1
a19664,1
a19666,1
a19673,1
a19677,1
a19678,1
a19679,1
a19687,1
a19693,1
a19696,1
a19701,1
a19709,1
a19715,1
a19733,1
a19734,1
a19745,1
a19751,1
a19757,1
a19759,1
a19761,1
a19764,1
a19768,1
a19770,1
a19785,1
a19787,1
a19789,1
a19796,1
a19807,1
a19813,1
a19833,1
a19837,1
a19842,1
a19845,1
a19850,1
a19852,1
a19855,1
a19868,1
a19871,1
a19874,1
a19883,1
a19888,1
a19911,1
a19912,1
a19920,1
a19923,1
a19926,1
a19933,1
a19935,1
a19945,1
a19954,1
a19955,1
a19957,1
a19963,1
a19966,1
a19971,1
a19979,1
a19985,1
a19990,1
a19994,1
a19995,1
a19996,1
a19997,1
a20000,1
a20001,1
a20005,1
a20006,1
a20007,1
a20010,1
a20012,1
a20014,1
a20015,1
a20027,1
a20028,1
a20029,1
a20033,1
a20034,1
a20036,1
a20055,1
a20090,1
a20098,1
a20110,1
a20112,1
a20119,1
a20121,1
a20125,1
a20126,1
a20133,1
a20144,1
a20148,1
a20156,1
a20157,1
a20158,1
a20159,1
a20161,1
a20163,1
a20168,1
a20174,1
a20175,1
a20178,1
a20180,1
a20185,1
a20187,1
a20190,1
a20196,1
a20199,1
a20200,1
a20204,1
a20206,1
a20219,1
a20222,1
a20225,1
a20226,1
a20231,1
a20234,1
a20240,1
a20250,1
a20256,1
a20257,1
a20263,1
a20266,1
a20270,1
a20276,1
a20277,1
a20285,1
a20292,1
a20294,1
a20296,1
a20297,1
a20302,1
a20303,1
a20312,1
a20320,1
a20331,1
a20333,1
a20335,1
a20338,1
a20343,1
a20348,1
a20349,1
a20366,1
a20370,1
a20371,1
a20385,1
a20388,1
a20392,1
a20395,1
a20399,1
a20404,1
a20409,1
a20410,1
a20414,1
a20416,1
a20418,1
a20420,1
a20421,1
a20423,1
a20434,1
a20436,1
a20439,1
a20444,1
a20448,1
a20450,1
a20451,1
a20457,1
a20459,1
a20473,1
a20476,1
a20479,1
a20486,1
a20487,1
a20490,1
a20492,1
a20494,1
a20495,1
a20500,1
a20501,1
a20512,1
a20517,1
a20521,1
a20523,1
a20526,1
a20533,1
a20536,1
a20538,1
a20541,1
a20544,1
a20548,1
a20554,1
a20563,1
a20564,1
a20572,1
a20577,1
a20584,1
a20585,1
a20590,1
a20594,1
a20598,1
a20603,1
a20604,1
a20631,1
a20641,1
a20644,1
a20649,1
a20652,1
a20654,1
a20681,1
a20686,1
a20688,1
a20691,1
a20692,1
a20701,1
a20702,1
a20709,1
a20710,1
a20716,1
a20717,1
a20719,1
a20728,1
a20730,1
a20732,1
a20735,1
a20746,1
a20748,1
a20749,1
a20759,1
a20761,1
a20780,1
a20781,1
a20782,1
a20784,1
a20790,1
a20791,1
a20794,1
a20799,1
a20803,1
a20815,1
a20820,1
a20828,1
a20831,1
a20834,1
a20837,1
a20844,1
a20847,1
a20851,1
a20859,1
a20860,1
a20872,1
a20873,1
a20888,1
a20891,1
a20896,1
a20900,1
a20904,1
a20906,1
a20910,1
a20911,1
a20914,1
a20917,1
a20919,1
a20926,1
a20931,1
a20935,1
a20936,1
a20947,1
a20948,1
a20952,1
a20961,1
a20963,1
a20964,1
a20968,1
a20970,1
a20974,1
a20976,1
a20979,1
a20980,1
a20985,1
a20990,1
a21000,1
a21004,1
a21007,1
a21012,1
a21014,1
a21020,1
a21028,1
a21029,1
a21033,1
a21047,1
a21048,1
a21049,1
a21057,1
a21069,1
a21073,1
a21078,1
a21082,1
a21092,1
a21097,1
a21099,1
a21102,1
a21105,1
a21116,1
a21117,1
a21129,1
a21135,1
a21137,1
a21145,1
a21151,1
a21153,1
a21154,1
a21157,1
a21161,1
a21168,1
a21171,1
a21173,1
a21183,1
a21200,1
a21207,1
a21208,1
a21209,1
a21213,1
a21227,1
a21228,1
a21230,1
a21234,1
a21243,1
a21245,1
a21249,1
a21250,1
a21259,1
a21261,1
a21267,1
a21271,1
a21273,1
a21276,1
a21277,1
a21281,1
a21303,1
a21322,1
a21325,1
a21327,1
a21333,1
a21337,1
a21338,1
a21345,1
a21346,1
a21348,1
a21351,1
a21365,1
a21366,1
a21384,1
a21389,1
a21393,1
a21402,1
a21403,1
a21404,1
a21409,1
a21410,1
a21423,1
a21443,1
a21445,1
a21454,1
a21463,1
a21466,1
a21467,1
a21469,1
a21474,1
a21475,1
a21483,1
a21484,1
a21485,1
a21490,1
a21491,1
a21493,1
a21494,1
a21505,1
a21506,1
a21516,1
a21518,1
a21519,1
a21534,1
a21539,1
a21540,1
a21545,1
a21550,1
a21553,1
a21559,1
a21564,1
a21572,1
a21577,1
a21583,1
a21586,1
a21589,1
a21601,1
a21607,1
a21608,1
a21616,1
a21618,1
a21619,1
a21623,1
a21624,1
a21625,1
a21626,1
a21630,1
a21638,1
a21643,1
a21649,1
a21651,1
a21655,1
a21657,1
a21658,1
a21674,1
a21679,1
a21689,1
a21699,1
a21702,1
a21704,1
a21710,1
a21719,1
a21731,1
a21735,1
a21738,1
a21739,1
a21759,1
a21769,1
a21772,1
a21775,1
a21784,1
a21789,1
a21794,1
a21801,1
a21802,1
a21806,1
a21813,1
a21837,1
a21838,1
a21843,1
a21853,1
a21858,1
a21859,1
a21860,1
a21862,1
a21866,1
a21872,1
a21873,1
a21876,1
a21879,1
a21885,1
a21894,1
a21902,1
a21906,1
a21915,1
a21917,1
a21919,1
a21925,1
a21927,1
a21930,1
a21934,1
a21938,1
a21943,1
a21945,1
a21965,1
a21968,1
a21973,1
a21977,1
a21978,1
a21984,1
a21987,1
a21988,1
a21993,1
a21997,1
a22004,1
a22014,1
a22017,1
a22021,1
a22025,1
a22026,1
a22030,1
a22033,1
a22035,1
a22038,1
a22050,1
a22058,1
a22059,1
a22061,1
a22067,1
a22072,1
a22074,1
a22077,1
a22081,1
a22084,1
a22090,1
a22098,1
a22099,1
a22102,1
a22103,1
a22108,1
a22110,1
a22117,1
a22122,1
a22126,1
a22127,1
a22131,1
a22141,1
a22152,1
a22157,1
a22159,1
a22182,1
a22183,1
a22184,1
a22193,1
a22199,1
a22201,1
a22202,1
a22207,1
a22211,1
a22213,1
a22221,1
a22235,1
a22240,1
a22243,1
a22246,1
a22254,1
a22258,1
a22264,1
a22267,1
a22272,1
a22279,1
a22282,1
a22289,1
a22296,1
a22300,1
a22313,1
a22325,1
a22328,1
a22333,1
a22340,1
a22347,1
a22352,1
a22354,1
a22374,1
a22375,1
a22379,1
a22380,1
a22381,1
a22382,1
a22384,1
a22386,1
a22390,1
a22403,1
a22409,1
a22412,1
a22413,1
a22435,1
a22436,1
a22444,1
a22447,1
a22449,1
a22453,1
a22456,1
a22462,1
a22481,1
a22483,1
a22489,1
a22492,1
a22493,1
a22495,1
a22496,1
a22503,1
a22507,1
a22512,1
a22513,1
a22526,1
a22530,1
a22535,1
a22536,1
a22539,1
a22543,1
a22552,1
a22553,1
a22562,1
a22568,1
a22580,1
a22587,1
a22593,1
a22603,1
a22610,1
a22614,1
a22619,1
a22622,1
a22639,1
a22642,1
a22644,1
a22648,1
a22650,1
a22651,1
a22652,1
a22653,1
a22662,1
a22666,1
a22667,1
a22673,1
a22675,1
a22682,1
a22687,1
a22689,1
a22713,1
a22718,1
a22724,1
a22725,1
a22733,1
a22736,1
a22737,1
a22739,1
a22740,1
a22741,1
a22743,1
a22745,1
a22749,1
a22752,1
a22761,1
a22763,1
a22773,1
a22778,1
a22782,1
a22785,1
a22788,1
a22791,1
a22797,1
a22799,1
a22803,1
a22806,1
a22807,1
a22812,1
a22813,1
a22814,1
a22827,1
a22835,1
a22840,1
a22841,1
a22843,1
a22845,1
a22851,1
a22853,1
a22855,1
a22859,1
a22860,1
a22882,1
a22883,1
a22885,1
a22889,1
a22891,1
a22900,1
a22908,1
a22912,1
a22921,1
a22942,1
a22943,1
a22944,1
a22945,1
a22969,1
a22971,1
a22973,1
a22974,1
a22984,1
a23000,1
a23005,1
a23014,1
a23018,1
a23023,1
a23024,1
a23027,1
a23034,1
a23040,1
a23042,1
a23078,1
a23079,1
a23080,1
a23084,1
a23088,1
a23093,1
a23096,1
a23100,1
a23102,1
a23108,1
a23118,1
a23120,1
a23125,1
a23130,1
a23132,1
a23147,1
a23151,1
a23152,1
a23160,1
a23177,1
a23186,1
a23206,1
a23207,1
a23208,1
a23209,1
a23222,1
a23232,1
a23237,1
a23244,1
a23264,1
a23271,1
a23274,1
a23276,1
a23279,1
a23285,1
a23286,1
a23291,1
a23293,1
a23300,1
a23305,1
a23314,1
a23315,1
a23334,1
a23336,1
a23339,1
a23345,1
a23369,1
a23380,1
a23392,1
a23393,1
a23396,1
a23401,1
a23409,1
a23419,1
a23422,1
a23423,1
a23424,1
a23425,1
a23426,1
a23437,1
a23442,1
a23443,1
a23454,1
a23455,1
a23456,1
a23460,1
a23464,1
a23474,1
a23477,1
a23478,1
a23480,1
a23486,1
a23493,1
a23495,1
a23499,1
a23514,1
a23517,1
a23526,1
a23529,1
a23530,1
a23537,1
a23543,1
a23544,1
a23546,1
a23548,1
a23554,1
a23562,1
a23564,1
a23565,1
a23571,1
a23579,1
a23586,1
a23590,1
a23594,1
a23614,1
a23623,1
a23624,1
a23628,1
a23660,1
a23664,1
a23665,1
a23666,1
a23671,1
a23673,1
a23680,1
a23683,1
a23700,1
a23703,1
a23711,1
a23713,1
a23720,1
a23725,1
a23726,1
a23731,1
a23743,1
a23746,1
a23753,1
a23757,1
a23769,1
a23773,1
a23780,1
a23787,1
a23791,1
a23792,1
a23794,1
a23795,1
a23805,1
a23812,1
a23813,1
a23821,1
a23822,1
a23823,1
a23829,1
a23843,1
a23850,1
a23859,1
a23860,1
a23865,1
a23869,1
a23877,1
a23881,1
a23883,1
a23892,1
a23903,1
a23911,1
a23923,1
a23929,1
a23931,1
a23932,1
a23934,1
a23936,1
a23937,1
a23941,1
a23946,1
a23959,1
a23960,1
a23966,1
a23967,1
a23972,1
a23974,1
a23980,1
a23994,1
a24007,1
a24008,1
a24010,1
a24013,1
a24017,1
a24027,1
a24029,1
a24033,1
a24046,1
a24050,1
a24052,1
a24056,1
a24057,1
a24060,1
a24064,1
a24079,1
a24085,1
a24086,1
a24087,1
a24090,1
a24091,1
a24092,1
a24095,1
a24105,1
a24106,1
a24110,1
a24126,1
a24127,1
a24136,1
a24139,1
a24140,1
a24141,1
a24153,1
a24154,1
a24159,1
a24161,1
a24162,1
a24166,1
a24175,1
a24179,1
a24185,1
a24187,1
a24204,1
a24206,1
a24208,1
a24220,1
a24221,1
a24224,1
a24226,1
a24243,1
a24247,1
a24259,1
a24260,1
a24266,1
a24274,1
a24276,1
a24283,1
a24288,1
a24291,1
a24293,1
a24296,1
a24301,1
a24305,1
a24312,1
a24315,1
a24319,1
a24339,1
a24343,1
a24346,1
a24351,1
a24368,1
a24372,1
a24383,1
a24387,1
a24406,1
a24407,1
a24408,1
a24411,1
a24419,1
a24421,1
a24422,1
a24424,1
a24430,1
a24435,1
a24442,1
a24448,1
a24450,1
a24451,1
a24458,1
a24459,1
a24464,1
a24465,1
a24469,1
a24477,1
a24479,1
a24483,1
a24484,1
a24497,1
a24502,1
a24503,1
a24504,1
a24517,1
a24520,1
a24522,1
a24528,1
a24531,1
a24548,1
a24553,1
a24554,1
a24555,1
a24558,1
a24565,1
a24567,1
a24585,1
a24596,1
a24597,1
a24606,1
a24623,1
a24636,1
a24650,1
a24652,1
a24666,1
a24668,1
a24670,1
a24681,1
a24691,1
a24696,1
a24698,1
a24701,1
a24707,1
a24714,1
a24725,1
a24730,1
a24734,1
a24742,1
a24753,1
a24757,1
a24758,1
a24761,1
a24766,1
a24768,1
a24775,1
a24780,1
a24784,1
a24785,1
a24787,1
a24792,1
a24795,1
a24797,1
a24811,1
a24816,1
a24824,1
a24834,1
a24838,1
a24851,1
a24861,1
a24867,1
a24870,1
a24877,1
a24879,1
a24883,1
a24887,1
a24890,1
a24892,1
a24911,1
a24912,1
a24920,1
a24939,1
a24948,1
a24955,1
a24956,1
a24961,1
a24963,1
a24971,1
a24973,1
a24975,1
a24986,1
a24994,1
a24998,1
a25022,1
a25026,1
a25028,1
a25029,1
a25031,1
a25035,1
a25037,1
a25045,1
a25046,1
a25059,1
a25060,1
a25065,1
a25067,1
a25068,1
a25073,1
a25080,1
a25086,1
a25096,1
a25097,1
a25100,1
a25101,1
a25102,1
a25107,1
a25115,1
a25118,1
a25120,1
a25123,1
a25125,1
a25130,1
a25133,1
a25136,1
a25142,1
a25149,1
a25153,1
a25163,1
a25172,1
a25180,1
a25184,1
a25192,1
a25194,1
a25198,1
a25205,1
a25206,1
a25210,1
a25217,1
a25219,1
a25223,1
a25224,1
a25227,1
a25231,1
a25258,1
a25259,1
a25260,1
a25261,1
a25264,1
a25270,1
a25279,1
a25280,1
a25286,1
a25288,1
a25294,1
a25299,1
a25309,1
a25318,1
a25319,1
a25321,1
a25332,1
a25362,1
a25365,1
a25368,1
a25375,1
a25376,1
a25380,1
a25387,1
a25397,1
a25398,1
a25399,1
a25402,1
a25408,1
a25422,1
a25433,1
a25437,1
a25438,1
a25448,1
a25449,1
a25458,1
a25459,1
a25469,1
a25474,1
a25482,1
a25487,1
a25495,1
a25512,1
a25513,1
a25518,1
a25524,1
a25533,1
a25536,1
a25538,1
a25542,1
a25543,1
a25547,1
a25561,1
a25562,1
a25563,1
a25572,1
a25573,1
a25578,1
a25579,1
a25588,1
a25592,1
a25599,1
a25604,1
a25608,1
a25609,1
a25611,1
a25618,1
a25619,1
a25620,1
a25625,1
a25631,1
a25634,1
a25643,1
a25644,1
a25650,1
a25654,1
a25656,1
a25657,1
a25659,1
a25668,1
a25670,1
a25692,1
a25696,1
a25697,1
a25700,1
a25705,1
a25706,1
a25707,1
a25722,1
a25725,1
a25737,1
a25743,1
a25755,1
a25761,1
a25763,1
a25765,1
a25777,1
a25785,1
a25789,1
a25792,1
a25799,1
a25803,1
a25804,1
a25817,1
a25825,1
a25830,1
a25839,1
a25844,1
a25860,1
a25865,1
a25886,1
a25888,1
a25889,1
a25893,1
a25894,1
a25898,1
a25899,1
a25901,1
a25902,1
a25903,1
a25905,1
a25922,1
a25929,1
a25936,1
a25952,1
a25956,1
a25957,1
a25963,1
a25969,1
a25970,1
a25976,1
a25983,1
a25989,1
a25998,1
a26014,1
a26019,1
a26020,1
a26025,1
a26028,1
a26040,1
a26043,1
a26054,1
a26055,1
a26070,1
a26073,1
a26080,1
a26081,1
a26086,1
a26088,1
a26091,1
a26096,1
a26097,1
a26099,1
a26101,1
a26103,1
a26107,1
a26110,1
a26111,1
a26112,1
a26125,1
a26130,1
a26131,1
a26132,1
a26142,1
a26143,1
a26152,1
a26171,1
a26172,1
a26185,1
a26193,1
a26194,1
a26217,1
a26218,1
a26220,1
a26221,1
a26231,1
a26232,1
a26239,1
a26243,1
a26244,1
a26245,1
a26247,1
a26249,1
a26250,1
a26278,1
a26286,1
a26289,1
a26293,1
a26297,1
a26298,1
a26326,1
a26327,1
a26329,1
a26330,1
a26331,1
a26334,1
a26340,1
a26341,1
a26345,1
a26346,1
a26355,1
a26358,1
a26366,1
a26367,1
a26368,1
a26369,1
a26375,1
a26384,1
a26400,1
a26413,1
a26414,1
a26415,1
a26420,1
a26422,1
a26435,1
a26438,1
a26442,1
a26451,1
a26469,1
a26470,1
a26471,1
a26476,1
a26480,1
a26482,1
a26495,1
a26500,1
a26502,1
a26510,1
a26511,1
a26513,1
a26523,1
a26525,1
a26526,1
a26530,1
a26534,1
a26545,1
a26551,1
a26560,1
a26563,1
a26566,1
a26568,1
a26571,1
a26576,1
a26580,1
a26582,1
a26583,1
a26591,1
a26597,1
a26600,1
a26601,1
a26605,1
a26609,1
a26611,1
a26614,1
a26616,1
a26619,1
a26624,1
a26625,1
a26626,1
a26631,1
a26644,1
a26646,1
a26649,1
a26650,1
a26652,1
a26660,1
a26664,1
a26665,1
a26670,1
a26672,1
a26673,1
a26678,1
a26682,1
a26687,1
a26690,1
a26692,1
a26701,1
a26708,1
a26716,1
a26725,1
a26733,1
a26749,1
a26751,1
a26760,1
a26767,1
a26778,1
a26781,1
a26786,1
a26789,1
a26797,1
a26799,1
a26805,1
a26808,1
a26812,1
a26829,1
a26834,1
a26842,1
a26845,1
a26856,1
a26860,1
a26861,1
a26879,1
a26881,1
a26884,1
a26887,1
a26888,1
a26890,1
a26903,1
a26905,1
a26907,1
a26910,1
a26912,1
a26917,1
a26923,1
a26926,1
a26927,1
a26928,1
a26937,1
a26945,1
a26947,1
a26954,1
a26958,1
a26960,1
a26965,1
a26966,1
a26969,1
a26972,1
a26975,1
a26979,1
a26982,1
a26983,1
a26989,1
a26993,1
a26996,1
a26998,1
a27000,1
a27005,1
a27010,1
a27016,1
a27017,1
a27019,1
a27024,1
a27030,1
a27032,1
a27034,1
a27050,1
a27052,1
a27064,1
a27079,1
a27098,1
a27099,1
a27102,1
a27105,1
a27134,1
a27136,1
a27142,1
a27145,1
a27146,1
a27147,1
a27162,1
a27164,1
a27167,1
a27174,1
a27176,1
a27177,1
a27181,1
a27182,1
a27194,1
a27196,1
a27202,1
a27209,1
a27218,1
a27221,1
a27223,1
a27224,1
a27235,1
a27236,1
a27241,1
a27247,1
a27251,1
a27253,1
a27262,1
a27264,1
a27266,1
a27267,1
a27270,1
a27284,1
a27286,1
a27292,1
a27293,1
a27294,1
a27302,1
a27304,1
a27311,1
a27316,1
a27318,1
a27325,1
a27329,1
a27331,1
a27333,1
a27335,1
a27350,1
a27351,1
a27365,1
a27367,1
a27370,1
a27385,1
a27392,1
a27395,1
a27397,1
a27410,1
a27420,1
a27433,1
a27445,1
a27449,1
a27451,1
a27465,1
a27475,1
a27476,1
a27477,1
a27478,1
a27481,1
a27488,1
a27489,1
a27497,1
a27506,1
a27508,1
a27522,1
a27526,1
a27530,1
a27532,1
a27541,1
a27542,1
a27546,1
a27558,1
a27559,1
a27565,1
a27574,1
a27575,1
a27576,1
a27578,1
a27589,1
a27598,1
a27602,1
a27604,1
a27619,1
a27622,1
a27626,1
a27627,1
a27636,1
a27638,1
a27641,1
a27644,1
a27648,1
a27649,1
a27650,1
a27662,1
a27663,1
a27664,1
a27666,1
a27667,1
a27671,1
a27672,1
a27678,1
a27692,1
a27694,1
a27699,1
a27703,1
a27705,1
a27708,1
a27710,1
a27728,1
a27731,1
a27733,1
a27734,1
a27738,1
a27747,1
a27760,1
a27765,1
a27773,1
a27775,1
a27779,1
a27782,1
a27784,1
a27796,1
a27803,1
a27807,1
a27810,1
a27811,1
a27817,1
a27820,1
a27825,1
a27834,1
a27835,1
a27840,1
a27842,1
a27844,1
a27847,1
a27851,1
a27864,1
a27866,1
a27870,1
a27871,1
a27872,1
a27887,1
a27891,1
a27894,1
a27895,1
a27897,1
a27903,1
a27911,1
a27912,1
a27915,1
a27916,1
a27919,1
a27920,1
a27921,1
a27925,1
a27930,1
a27938,1
a27942,1
a27943,1
a27944,1
a27947,1
a27948,1
a27958,1
a27964,1
a27965,1
a27972,1
a27974,1
a27984,1
a27986,1
a27988,1
a28003,1
a28006,1
a28020,1
a28023,1
a28029,1
a28035,1
a28037,1
a28039,1
a28042,1
a28053,1
a28057,1
a28068,1
a28072,1
a28082,1
a28083,1
a28093,1
a28106,1
a28110,1
a28111,1
a28123,1
a28129,1
a28132,1
a28134,1
a28135,1
a28137,1
a28139,1
a28142,1
a28158,1
a28165,1
a28169,1
a28171,1
a28174,1
a28179,1
a28182,1
a28187,1
a28189,1
a28194,1
a28198,1
a28200,1
a28201,1
a28205,1
a28208,1
a28214,1
a28222,1
a28231,1
a28235,1
a28247,1
a28252,1
a28257,1
a28258,1
a28260,1
a28270,1
a28272,1
a28276,1
a28280,1
a28285,1
a28292,1
a28293,1
a28301,1
a28302,1
a28304,1
a28306,1
a28311,1
a28314,1
a28320,1
a28326,1
a28329,1
a28330,1
a28331,1
a28337,1
a28338,1
a28341,1
a28351,1
a28354,1
a28356,1
a28362,1
a28371,1
a28376,1
a28377,1
a28384,1
a28387,1
a28392,1
a28398,1
a28401,1
a28403,1
a28416,1
a28422,1
a28425,1
a28429,1
a28454,1
a28463,1
a28468,1
a28469,1
a28474,1
a28475,1
a28478,1
a28481,1
a28482,1
a28486,1
a28487,1
a28492,1
a28493,1
a28505,1
a28506,1
a28508,1
a28509,1
a28510,1
a28537,1
a28543,1
a28544,1
a28549,1
a28552,1
a28567,1
a28569,1
a28573,1
a28578,1
a28581,1
a28582,1
a28591,1
a28594,1
a28602,1
a28604,1
a28614,1
a28615,1
a28628,1
a28631,1
a28640,1
a28641,1
a28644,1
a28646,1
a28647,1
a28651,1
a28666,1
a28668,1
a28672,1
a28675,1
a28677,1
a28681,1
a28692,1
a28701,1
a28705,1
a28711,1
a28713,1
a28714,1
a28724,1
a28726,1
a28733,1
a28739,1
a28741,1
a28742,1
a28744,1
a28745,1
a28747,1
a28748,1
a28752,1
a28758,1
a28764,1
a28765,1
a28768,1
a28778,1
a28781,1
a28784,1
a28785,1
a28789,1
a28794,1
a28804,1
a28806,1
a28808,1
a28815,1
a28817,1
a28818,1
a28824,1
a28827,1
a28828,1
a28830,1
a28832,1
a28840,1
a28842,1
a28850,1
a28861,1
a28870,1
a28872,1
a28902,1
a28903,1
a28904,1
a28911,1
a28923,1
a28924,1
a28929,1
a28930,1
a28936,1
a28951,1
a28964,1
a28966,1
a28967,1
a28969,1
a28972,1
a28976,1
a28980,1
a29001,1
a29003,1
a29004,1
a29015,1
a29018,1
a29025,1
a29028,1
a29040,1
a29043,1
a29048,1
a29050,1
a29051,1
a29055,1
a29056,1
a29058,1
a29070,1
a29078,1
a29081,1
a29091,1
a29095,1
a29098,1
a29099,1
a29109,1
a29110,1
a29112,1
a29114,1
a29115,1
a29120,1
a29153,1
a29157,1
a29160,1
a29161,1
a29165,1
a29167,1
a29172,1
a29182,1
a29183,1
a29188,1
a29193,1
a29194,1
a29204,1
a29205,1
a29206,1
a29208,1
a29220,1
a29224,1
a29229,1
a29239,1
a29241,1
a29242,1
a29245,1
a29246,1
a29256,1
a29259,1
a29263,1
a29273,1
a29275,1
a29280,1
a29281,1
a29282,1
a29293,1
a29299,1
a29311,1
a29315,1
a29320,1
a29331,1
a29335,1
a29348,1
a29349,1
a29354,1
a29358,1
a29363,1
a29364,1
a29368,1
a29370,1
a29371,1
a29380,1
a29383,1
a29386,1
a29387,1
a29388,1
a29389,1
a29393,1
a29395,1
a29399,1
a29402,1
a29413,1
a29420,1
a29428,1
a29440,1
a29448,1
a29450,1
a29457,1
a29467,1
a29469,1
a29471,1
a29473,1
a29474,1
a29479,1
a29480,1
a29488,1
a29494,1
a29496,1
a29497,1
a29499,1
a29506,1
a29511,1
a29516,1
a29520,1
a29524,1
a29531,1
a29533,1
a29539,1
a29540,1
a29545,1
a29558,1
a29560,1
a29561,1
a29565,1
a29573,1
a29580,1
a29585,1
a29589,1
a29594,1
a29598,1
a29599,1
a29600,1
a29608,1
a29619,1
a29622,1
a29625,1
a29626,1
a29638,1
a29650,1
a29655,1
a29659,1
a29660,1
a29664,1
a29665,1
a29666,1
a29677,1
a29678,1
a29685,1
a29686,1
a29698,1
a29713,1
a29714,1
a29717,1
a29721,1
a29722,1
a29723,1
a29736,1
a29738,1
a29741,1
a29745,1
a29751,1
a29752,1
a29754,1
a29755,1
a29756,1
a29760,1
a29764,1
a29765,1
a29766,1
a29773,1
a29778,1
a29779,1
a29802,1
a29803,1
a29809,1
a29811,1
a29816,1
a29817,1
a29820,1
a29826,1
a29833,1
a29835,1
a29837,1
a29844,1
a29845,1
a29848,1
a29850,1
a29851,1
a29853,1
a29860,1
a29871,1
a29873,1
a29877,1
a29895,1
a29897,1
a29908,1
a29919,1
a29920,1
a29921,1
a29928,1
a29933,1
a29937,1
a29940,1
a29941,1
a29947,1
a29948,1
a29949,1
a29973,1
a29975,1
a29976,1
a29984,1
a29989,1
a29990,1
a29993,1
a29996,1
a30006,1
a30010,1
a30012,1
a30023,1
a30026,1
a30042,1
a30048,1
a30056,1
a30062,1
a30076,1
a30085,1
a30087,1
a30088,1
a30092,1
a30097,1
a30105,1
a30109,1
a30118,1
a30124,1
a30126,1
a30135,1
a30142,1
a30143,1
a30149,1
a30157,1
a30158,1
a30162,1
a30170,1
a30173,1
a30174,1
a30183,1
a30193,1
a30207,1
a30208,1
a30213,1
a30216,1
a30220,1
a30226,1
a30228,1
a30229,1
a30234,1
a30236,1
a30248,1
a30254,1
a30259,1
a30268,1
a30275,1
a30276,1
a30286,1
a30289,1
a30291,1
a30301,1
a30304,1
a30305,1
a30310,1
a30312,1
a30319,1
a30330,1
a30337,1
a30339,1
a30345,1
a30350,1
a30351,1
a30356,1
a30378,1
a30382,1
a30402,1
a30410,1
a30412,1
a30414,1
a30418,1
a30431,1
a30440,1
a30444,1
a30452,1
a30458,1
a30463,1
a30464,1
a30468,1
a30470,1
a30477,1
a30478,1
a30492,1
a30495,1
a30502,1
a30508,1
a30511,1
a30522,1
a30527,1
a30529,1
a30535,1
a30536,1
a30542,1
a30546,1
a30550,1
a30570,1
a30572,1
a30574,1
a30575,1
a30577,1
a30580,1
a30586,1
a30594,1
a30595,1
a30598,1
a30602,1
a30607,1
a30611,1
a30612,1
a30622,1
a30627,1
a30630,1
a30631,1
a30639,1
a30644,1
a30645,1
a30647,1
a30650,1
a30655,1
a30657,1
a30662,1
a30664,1
a30666,1
a30676,1
a30685,1
a30692,1
a30701,1
a30703,1
a30704,1
a30707,1
a30708,1
a30710,1
a30713,1
a30718,1
a30729,1
a30735,1
a30742,1
a30749,1
a30761,1
a30764,1
a30766,1
a30768,1
a30770,1
a30771,1
a30772,1
a30773,1
a30774,1
a30775,1
a30786,1
a30791,1
a30800,1
a30802,1
a30804,1
a30811,1
a30817,1
a30821,1
a30826,1
a30828,1
a30832,1
a30840,1
a30842,1
a30853,1
a30854,1
a30858,1
a30859,1
a30860,1
a30864,1
a30866,1
a30871,1
a30875,1
a30880,1
a30883,1
a30887,1
a30889,1
a30900,1
a30901,1
a30904,1
a30920,1
a30925,1
a30930,1
a30934,1
a30948,1
a30950,1
a30952,1
a30956,1
a30959,1
a30969,1
a30973,1
a30974,1
a30976,1
a30977,1
a30989,1
a30993,1
a30995,1
a30996,1
a30997,1
a30998,1
a31001,1
a31010,1
a31012,1
a31015,1
a31019,1
a31021,1
a31024,1
a31026,1
a31034,1
a31046,1
a31054,1
a31061,1
a31078,1
a31080,1
a31082,1
a31086,1
a31093,1
a31099,1
a31102,1
a31103,1
a31111,1
a31117,1
a31124,1
a31133,1
a31150,1
a31151,1
a31153,1
a31159,1
a31160,1
a31163,1
a31169,1
a31173,1
a31177,1
a31181,1
a31182,1
a31197,1
a31200,1
a31203,1
a31207,1
a31216,1
a31230,1
a31239,1
a31245,1
a31248,1
a31254,1
a31256,1
a31261,1
a31264,1
a31267,1
a31268,1
a31270,1
a31283,1
a31287,1
a31293,1
a31309,1
a31310,1
a31316,1
a31328,1
a31330,1
a31332,1
a31333,1
a31337,1
a31339,1
a31340,1
a31342,1
a31345,1
a31361,1
a31373,1
a31377,1
a31384,1
a31396,1
a31399,1
a31403,1
a31406,1
a31407,1
a31410,1
a31411,1
a31416,1
a31417,1
a31447,1
a31449,1
a31460,1
a31472,1
a31475,1
a31488,1
a31490,1
a31494,1
a31498,1
a00035,1
a00315,1
a00590,1
a00709,1
a01266,1
a01660,1
a01878,1
a02312,1
a02774,1
a02986,1
a02988,1
a03245,1
a03383,1
a03691,1
a03730,1
a04059,1
a04486,1
a04547,1
a04592,1
a04782,1
a05106,1
a05353,1
a05406,1
a05857,1
a05925,1
a06090,1
a06171,1
a06323,1
a06490,1
a06519,1
a06670,1
a06873,1
a06966,1
a07303,1
a07616,1
a07765,1
a07936,1
a08210,1
a08368,1
a08593,1
a08696,1
a08828,1
a09003,1
a09146,1
a09196,1
a09573,1
a09841,1
a10302,1
a10305,1
a10471,1
a10517,1
a10688,1
a11006,1
a11027,1
a11241,1
a11356,1
a11479,1
a11487,1
a11637,1
a11886,1
a12105,1
a12568,1
a12732,1
a12820,1
a12940,1
a12991,1
a13141,1
a13406,1
a14184,1
a14549,1
a14562,1
a14630,1
a14831,1
a14899,1
a15398,1
a15831,1
a15865,1
a16101,1
a16510,1
a16526,1
a16755,1
a16890,1
a16941,1
a17090,1
a17122,1
a17124,1
a17468,1
a17513,1
a17694,1
a17715,1
a17737,1
a17754,1
a17979,1
a18599,1
a18863,1
a18908,1
a18999,1
a19028,1
a19169,1
a19288,1
a19716,1
a20026,1
a20089,1
a20260,1
a20341,1
a20375,1
a20690,1
a21088,1
a21144,1
a21163,1
a21743,1
a21790,1
a21855,1
a22265,1
a22754,1
a23205,1
a23432,1
a23453,1
a23475,1
a23756,1
a23851,1
a23890,1
a24034,1
a24186,1
a24568,1
a25008,1
a25329,1
a25478,1
a25633,1
a25837,1
a26151,1
a26417,1
a26924,1
a27018,1
a27035,1
a27061,1
a27155,1
a27208,1
a27228,1
a27528,1
a27685,1
a27769,1
a28032,1
a28104,1
a28113,1
a28240,1
a28352,1
a28427,1
a28446,1
a28452,1
a28515,1
a28662,1
a28939,1
a29062,1
a29346,1
a29553,1
a29849,1
a30045,1
a30047,1
a30235,1
a30266,1
a30380,1
a30643,1
a30660,1
a30723,1
a30874,1
a30917,1
a31286,1
a31457,1
a00050,1
a00416,1
a00723,1
a01253,1
a01287,1
a01354,1
a01480,1
a01768,1
a01992,1
a02484,1
a02899,1
a03001,1
a04055,1
a04485,1
a04550,1
a05654,1
a06078,1
a06117,1
a07080,1
a07108,1
a07206,1
a07248,1
a07481,1
a07482,1
a08414,1
a09024,1
a09185,1
a09722,1
a10025,1
a10685,1
a11202,1
a11232,1
a11272,1
a11447,1
a11582,1
a11790,1
a12915,1
a13544,1
a13635,1
a13692,1
a13707,1
a13885,1
a14497,1
a15049,1
a15314,1
a15419,1
a15797,1
a16153,1
a16247,1
a16302,1
a16430,1
a17120,1
a17244,1
a17768,1
a17955,1
a18128,1
a18349,1
a18615,1
a19015,1
a19311,1
a19674,1
a19793,1
a19902,1
a19948,1
a20373,1
a20760,1
a20902,1
a21305,1
a21895,1
a22657,1
a22683,1
a22836,1
a23441,1
a24165,1
a24265,1
a24573,1
a25312,1
a25413,1
a26382,1
a26950,1
a26997,1
a27428,1
a29064,1
a30112,1
a30619,1
a30673,1
a31146,1
a31301,1
a31389,1
a00027,1
a00816,1
a01040,1
a01701,1
a01908,1
a02395,1
a02657,1
a02698,1
a03674,1
a03685,1
a03872,1
a04305,1
a04533,1
a04621,1
a04655,1
a05653,1
a05688,1
a05898,1
a05939,1
a06307,1
a07195,1
a07746,1
a07768,1
a08225,1
a08335,1
a08824,1
a09141,1
a09685,1
a09690,1
a10373,1
a10477,1
a10966,1
a11521,1
a11526,1
a11676,1
a11866,1
a13077,1
a13513,1
a14794,1
a16007,1
a16403,1
a16644,1
a17072,1
a17079,1
a17275,1
a17497,1
a17504,1
a17728,1
a18348,1
a18594,1
a18819,1
a18991,1
a19276,1
a20051,1
a20739,1
a20829,1
a22414,1
a22573,1
a23250,1
a23761,1
a24566,1
a24719,1
a25171,1
a25178,1
a25732,1
a26356,1
a27089,1
a27233,1
a27713,1
a28117,1
a28417,1
a28560,1
a28900,1
a29706,1
a30754,1
a31369,1
a01148,1
a01265,1
a01977,1
a02455,1
a03618,1
a03821,1
a05842,1
a07071,1
a07509,1
a08853,1
a09187,1
a09877,1
a09901,1
a09955,1
a10746,1
a11038,1
a11634,1
a11695,1
a11719,1
a12293,1
a12992,1
a13170,1
a13402,1
a15248,1
a15485,1
a15761,1
a16764,1
a17345,1
a17636,1
a17738,1
a18209,1
a18280,1
a19705,1
a21538,1
a21875,1
a21944,1
a23213,1
a23413,1
a24491,1
a25049,1
a26201,1
a26314,1
a26806,1
a27088,1
a27205,1
a27216,1
a27548,1
a27914,1
a28040,1
a28296,1
a28527,1
a28660,1
a29307,1
a30632,1
a30872,1
a30873,1
a31184,1
a01217,1
a01747,1
a03056,1
a05031,1
a05115,1
a05652,1
a06261,1
a06591,1
a06599,1
a06910,1
a07105,1
a08920,1
a08972,1
a09058,1
a09477,1
a12877,1
a13330,1
a13663,1
a14036,1
a14076,1
a14135,1
a14641,1
a14791,1
a14891,1
a15252,1
a15478,1
a16120,1
a17332,1
a17478,1
a17972,1
a19137,1
a19857,1
a19927,1
a21701,1
a22446,1
a22777,1
a23224,1
a25200,1
a25779,1
a26638,1
a26666,1
a26867,1
a26878,1
a27717,1
a28221,1
a28430,1
a29297,1
a29464,1
a31295,1
a01941,1
a02339,1
a02393,1
a02761,1
a02912,1
a03244,1
a03646,1
a04759,1
a04888,1
a05342,1
a05513,1
a07302,1
a07414,1
a07697,1
a10306,1
a10983,1
a11441,1
a12121,1
a14259,1
a14346,1
a15858,1
a16219,1
a16495,1
a16607,1
a16804,1
a17379,1
a17718,1
a17832,1
a17858,1
a19970,1
a20301,1
a20865,1
a20874,1
a24427,1
a25098,1
a25135,1
a25908,1
a26730,1
a27244,1
a28883,1
a28885,1
a29102,1
a30496,1
a30564,1
a31118,1
a00385,1
a01255,1
a03100,1
a06775,1
a07443,1
a08011,1
a08188,1
a11423,1
a13450,1
a13750,1
a15031,1
a15271,1
a16334,1
a16796,1
a19222,1
a19464,1
a20698,1
a22939,1
a23470,1
a23899,1
a26371,1
a26710,1
a29133,1
a29215,1
a30102,1
a30711,1
a30714,1
a00297,1
a01286,1
a01563,1
a01787,1
a02404,1
a04803,1
a04966,1
a06712,1
a07161,1
a07385,1
a08325,1
a08737,1
a10753,1
a11587,1
a13385,1
a15938,1
a16187,1
a17265,1
a17385,1
a17619,1
a18492,1
a18724,1
a22051,1
a22120,1
a22173,1
a23744,1
a25711,1
a26361,1
a26796,1
a27263,1
a29084,1
a29347,1
a30098,1
a30361,1
a00819,0
a01459,0
a04284,0
a04430,0
a04618,0
a05044,0
a06177,0
a07138,0
a07176,0
a07305,0
a07480,0
a07550,0
a08133,0
a09097,0
a09135,0
a10366,0
a10969,0
a14206,0
a15223,0
a16134,0
a17923,0
a21246,0
a21264,0
a21340,0
a22244,0
a22547,0
a24062,0
a26124,0
a26935,0
a27906,0
a02798,0
a05019,0
a05309,0
a07062,0
a11935,0
a12108,0
a15412,0
a16521,0
a19219,0
a20449,0
a23241,0
a23356,0
a25500,0
a26671,0
a27095,0
a28650,0
a29584,0
a29715,0
a30486,0
a00009,0
a01323,0
a03293,0
a03330,0
a04301,0
a05703,0
a06330,0
a08072,0
a09675,0
a10163,0
a10677,0
a12883,0
a13572,0
a15150,0
a16281,0
a16792,0
a17664,0
a19066,0
a20768,0
a22878,0
a24726,0
a26737,0
a27031,0
a27557,0
a31214,0
a02617,0
a04005,0
a04511,0
a06010,0
a08346,0
a10615,0
a10803,0
a11502,0
a13173,0
a14926,0
a16105,0
a16723,0
a16728,0
a17074,0
a18054,0
a20284,0
a22259,0
a22281,0
a22538,0
a22608,0
a24244,0
a25295,0
a25489,0
a26752,0
a27421,0
a28691,0
a29304,0
a30562,0
a31322,0
a01043,0
a01672,0
a01894,0
a02088,0
a02526,0
a03896,0
a04800,0
a06169,0
a06569,0
a07861,0
a10105,0
a11154,0
a12107,0
a12778,0
a13832,0
a14657,0
a14879,0
a14973,0
a15893,0
a16177,0
a17995,0
a18390,0
a18920,0
a19462,0
a19494,0
a19801,0
a21659,0
a22273,0
a22522,0
a23827,0
a24246,0
a25181,0
a26934,0
a27618,0
a28036,0
a28112,0
a28863,0
a00175,0
a00264,0
a02990,0
a02997,0
a03329,0
a05617,0
a09388,0
a11437,0
a14222,0
a16180,0
a16948,0
a17692,0
a18456,0
a22839,0
a25104,0
a26718,0
a27435,0
a28237,0
a29832,0
a30155,0
a30558,0
a00165,0
a01232,0
a02921,0
a03025,0
a03348,0
a03863,0
a04155,0
a05141,0
a08565,0
a08675,0
a09084,0
a11706,0
a11766,0
a12594,0
a12937,0
a15805,0
a15885,0
a17870,0
a18188,0
a19414,0
a20069,0
a20255,0
a22130,0
a22997,0
a23541,0
a23917,0
a25852,0
a25980,0
a26262,0
a29238,0
a30741,0
a31294,0
a31424,0
a31438,0
a00518,0
a03343,0
a03441,0
a03824,0
a04603,0
a04881,0
a06702,0
a07933,0
a09301,0
a10346,0
a11118,0
a13084,0
a13414,0
a14489,0
a14650,0
a14903,0
a14921,0
a14942,0
a15528,0
a15811,0
a16058,0
a17772,0
a19717,0
a19781,0
a20083,0
a20101,0
a23164,0
a23404,0
a24897,0
a25051,0
a25242,0
a26135,0
a26308,0
a26336,0
a27260,0
a27384,0
a28488,0
a29218,0
a29857,0
a00095,0
a00555,0
a01991,0
a02171,0
a02715,0
a03283,0
a03296,0
a03375,0
a03601,0
a03864,0
a03982,0
a04066,0
a04246,0
a04609,0
a04694,0
a05001,0
a05067,0
a05218,0
a05852,0
a06321,0
a06452,0
a06564,0
a06604,0
a06657,0
a06931,0
a07089,0
a08090,0
a08202,0
a08284,0
a08411,0
a08578,0
a08771,0
a09398,0
a09637,0
a10422,0
a10585,0
a10954,0
a11877,0
a12557,0
a12576,0
a12769,0
a13137,0
a13565,0
a14469,0
a15052,0
a15211,0
a15476,0
a15921,0
a15994,0
a16523,0
a16901,0
a17328,0
a17369,0
a17435,0
a17848,0
a18071,0
a18078,0
a19195,0
a19488,0
a19849,0
a19877,0
a20484,0
a21030,0
a21094,0
a21244,0
a21358,0
a21765,0
a22024,0
a22147,0
a22162,0
a22345,0
a22441,0
a22570,0
a22613,0
a22854,0
a23815,0
a23921,0
a23935,0
a23947,0
a23965,0
a24987,0
a25122,0
a25204,0
a25640,0
a25652,0
a25879,0
a25883,0
a26325,0
a26720,0
a26791,0
a27308,0
a27411,0
a27430,0
a27637,0
a28121,0
a28273,0
a28610,0
a28800,0
a29719,0
a30287,0
a30290,0
a30882,0
a31035,0
a31446,0
a00094,0
a02859,0
a06422,0
a06709,0
a07875,0
a08939,0
a09548,0
a13378,0
a15164,0
a15180,0
a15983,0
a19080,0
a20181,0
a23199,0
a26863,0
a27611,0
a28256,0
a29515,0
a07288,0
a07376,0
a07916,0
a12573,0
a16615,0
a19073,0
a20137,0
a27396,0
a27761,0
a27899,0
a00134,0
a02812,0
a03576,0
a07398,0
a08841,0
a08848,0
a09043,0
a13194,0
a15342,0
a19915,0
a23818,0
a26667,0
a27486,0
a30405,0
a30446,0
a00531,0
a11707,0
a15470,0
a19040,0
a24612,0
a25790,0
a26962,0
a29449,0
a29733,0
a30145,0
a02560,0
a04539,0
a08866,0
a09485,0
a09493,0
a09737,0
a11525,0
a15025,0
a15509,0
a15515,0
a15985,0
a18271,0
a19081,0
a19106,0
a19380,0
a20464,0
a20676,0
a20809,0
a21170,0
a21512,0
a24589,0
a00979,0
a01305,0
a01319,0
a02735,0
a03213,0
a18862,0
a21009,0
a21526,0
a22931,0
a24121,0
a28962,0
a03937,0
a04827,0
a09411,0
a10552,0
a16965,0
a17602,0
a21150,0
a21750,0
a23876,0
a24475,0
a24990,0
a02614,0
a03385,0
a09085,0
a09587,0
a09660,0
a11177,0
a14815,0
a15057,0
a16243,0
a16267,0
a17105,0
a18517,0
a19659,0
a20830,0
a23473,0
a27843,0
a28353,0
a28860,0
a06251,0
a14886,0
a16325,0
a20549,0
a27140,0
a00714,0
a04194,0
a11898,0
a15464,0
a20025,0
a23037,0
a23379,0
a07786,0
a08387,0
a14840,0
a16986,0
a17253,0
a24344,0
a25191,0
a26180,0
a28880,0
a00404,0
a01154,0
a01390,0
a04056,0
a07723,0
a08816,0
a11077,0
a11327,0
a12325,0
a18523,0
a19026,0
a19391,0
a20942,0
a21826,0
a25663,0
a26026,0
a26300,0
a01752,0
a02198,0
a03699,0
a04711,0
a05678,0
a05799,0
a07260,0
a08541,0
a09096,0
a12924,0
a14137,0
a17180,0
a17263,0
a17304,0
a17670,0
a19392,0
a21394,0
a22795,0
a24111,0
a25987,0
a26339,0
a26466,0
a00454,0
a02934,0
a04062,0
a04483,0
a07411,0
a08558,0
a08677,0
a11307,0
a12904,0
a13377,0
a15653,0
a18072,0
a19422,0
a19607,0
a20477,0
a20869,0
a21235,0
a22032,0
a23384,0
a23723,0
a25880,0
a26697,0
a30491,0
a01819,0
a03676,0
a05261,0
a06098,0
a08832,0
a09480,0
a10656,0
a10786,0
a11686,0
a13179,0
a13570,0
a14278,0
a14871,0
a18023,0
a19388,0
a21488,0
a22208,0
a24884,0
a25414,0
a26208,0
a26424,0
a28442,0
a30179,0
a31315,0
a00170,0
a00350,0
a00458,0
a00661,0
a01063,0
a01870,0
a01993,0
a03216,0
a03727,0
a04189,0
a04232,0
a04801,0
a05974,0
a06150,0
a06659,0
a06765,0
a08098,0
a08648,0
a09833,0
a10335,0
a10647,0
a11125,0
a11535,0
a12320,0
a12381,0
a12436,0
a12530,0
a12651,0
a12738,0
a12913,0
a13811,0
a14896,0
a16593,0
a17854,0
a17918,0
a18232,0
a18503,0
a18553,0
a18665,0
a18887,0
a19322,0
a19346,0
a20003,0
a20622,0
a21573,0
a22158,0
a22692,0
a24253,0
a24511,0
a24545,0
a24981,0
a25315,0
a26050,0
a26129,0
a27045,0
a27590,0
a27826,0
a27845,0
a28393,0
a30401,0
a30975,0
a00357,0
a01339,0
a01574,0
a01829,0
a01936,0
a02992,0
a03574,0
a04938,0
a05248,0
a06814,0
a06965,0
a07962,0
a08260,0
a08981,0
a09495,0
a10889,0
a11176,0
a12625,0
a12806,0
a14459,0
a15279,0
a18539,0
a18825,0
a18979,0
a19166,0
a19185,0
a19203,0
a19564,0
a19583,0
a19612,0
a19841,0
a20491,0
a20626,0
a20991,0
a21692,0
a22198,0
a23240,0
a24059,0
a25767,0
a26723,0
a26920,0
a29267,0
a00233,0
a00316,0
a00638,0
a02753,0
a03183,0
a04334,0
a04458,0
a06470,0
a08936,0
a09080,0
a09959,0
a10091,0
a10240,0
a10657,0
a12240,0
a13989,0
a14077,0
a14959,0
a17325,0
a18353,0
a18896,0
a18936,0
a19371,0
a19653,0
a20299,0
a21136,0
a21821,0
a21865,0
a23857,0
a24018,0
a24096,0
a24308,0
a24741,0
a27512,0
a28721,0
a28986,0
a29211,0
a00046,0
a00093,0
a00268,0
a00410,0
a00516,0
a00604,0
a00629,0
a00639,0
a00676,0
a00787,0
a00804,0
a00834,0
a00927,0
a01078,0
a01100,0
a01113,0
a01120,0
a01218,0
a01219,0
a01244,0
a01308,0
a01349,0
a01369,0
a01516,0
a01712,0
a01733,0
a01745,0
a01771,0
a01778,0
a01780,0
a01791,0
a01807,0
a02053,0
a02125,0
a02215,0
a02249,0
a02368,0
a02553,0
a02568,0
a02601,0
a02732,0
a02772,0
a02876,0
a03030,0
a03437,0
a03519,0
a03525,0
a03641,0
a03720,0
a03728,0
a03769,0
a03811,0
a03817,0
a03820,0
a03927,0
a04076,0
a04080,0
a04185,0
a04259,0
a04262,0
a04294,0
a04427,0
a04543,0
a04589,0
a04693,0
a04713,0
a04743,0
a04806,0
a04849,0
a04906,0
a04914,0
a04922,0
a04997,0
a05116,0
a05133,0
a05200,0
a05300,0
a05344,0
a05479,0
a05554,0
a05573,0
a05593,0
a05840,0
a05971,0
a06029,0
a06058,0
a06103,0
a06204,0
a06259,0
a06497,0
a06566,0
a06609,0
a06693,0
a06752,0
a06928,0
a06953,0
a07052,0
a07109,0
a07115,0
a07341,0
a07360,0
a07437,0
a07520,0
a07689,0
a07715,0
a07832,0
a07889,0
a07959,0
a08044,0
a08105,0
a08258,0
a08275,0
a08442,0
a08612,0
a08751,0
a08888,0
a08898,0
a08932,0
a09112,0
a09131,0
a09144,0
a09162,0
a09178,0
a09244,0
a09316,0
a09349,0
a09378,0
a09397,0
a09407,0
a09461,0
a09568,0
a09635,0
a09979,0
a10009,0
a10023,0
a10103,0
a10172,0
a10287,0
a10483,0
a10506,0
a10566,0
a10666,0
a10696,0
a10704,0
a10738,0
a10791,0
a10874,0
a10905,0
a11099,0
a11101,0
a11156,0
a11175,0
a11186,0
a11238,0
a11426,0
a11623,0
a11656,0
a11682,0
a12020,0
a12047,0
a12049,0
a12078,0
a12089,0
a12104,0
a12128,0
a12130,0
a12156,0
a12219,0
a12355,0
a12458,0
a12610,0
a12655,0
a12683,0
a12719,0
a12790,0
a12869,0
a12927,0
a12964,0
a13155,0
a13250,0
a13252,0
a13289,0
a13339,0
a13437,0
a13468,0
a13496,0
a13520,0
a13561,0
a13609,0
a13742,0
a13762,0
a13782,0
a13785,0
a13796,0
a13818,0
a13837,0
a13876,0
a13891,0
a13912,0
a13920,0
a13942,0
a13975,0
a14092,0
a14157,0
a14171,0
a14193,0
a14310,0
a14401,0
a14428,0
a14477,0
a14499,0
a14642,0
a14803,0
a14843,0
a14875,0
a15165,0
a15307,0
a15366,0
a15620,0
a15735,0
a15871,0
a15914,0
a15949,0
a16048,0
a16073,0
a16083,0
a16100,0
a16188,0
a16193,0
a16368,0
a16414,0
a16428,0
a16546,0
a16700,0
a16770,0
a16900,0
a16984,0
a17433,0
a17482,0
a17516,0
a17697,0
a17804,0
a17905,0
a17937,0
a18087,0
a18143,0
a18313,0
a18380,0
a18491,0
a18561,0
a18569,0
a18588,0
a18627,0
a18646,0
a18710,0
a18739,0
a18837,0
a19350,0
a19383,0
a19386,0
a19445,0
a19506,0
a19519,0
a19525,0
a19560,0
a20153,0
a20329,0
a20403,0
a20466,0
a20555,0
a20655,0
a20657,0
a20824,0
a21050,0
a21086,0
a21278,0
a21300,0
a21321,0
a21546,0
a21597,0
a21756,0
a21823,0
a21874,0
a21878,0
a22145,0
a22194,0
a22418,0
a22468,0
a22470,0
a22490,0
a22525,0
a22786,0
a22978,0
a22981,0
a23038,0
a23067,0
a23216,0
a23233,0
a23317,0
a23376,0
a23542,0
a23737,0
a23810,0
a23884,0
a23885,0
a23925,0
a23973,0
a24028,0
a24070,0
a24190,0
a24193,0
a24203,0
a24282,0
a24318,0
a24324,0
a24374,0
a24506,0
a24562,0
a24611,0
a24690,0
a24894,0
a25025,0
a25095,0
a25147,0
a25156,0
a25166,0
a25297,0
a25473,0
a25501,0
a25519,0
a25556,0
a25796,0
a25986,0
a26083,0
a26090,0
a26095,0
a26191,0
a26257,0
a26266,0
a26275,0
a26343,0
a26365,0
a26412,0
a26439,0
a26444,0
a26641,0
a26645,0
a26919,0
a26952,0
a27001,0
a27046,0
a27074,0
a27078,0
a27163,0
a27206,0
a27381,0
a27406,0
a27527,0
a27551,0
a27569,0
a27582,0
a27682,0
a27783,0
a27922,0
a27952,0
a28061,0
a28100,0
a28119,0
a28151,0
a28172,0
a28267,0
a28283,0
a28348,0
a28375,0
a28394,0
a28516,0
a28561,0
a28682,0
a28685,0
a28795,0
a28814,0
a28831,0
a28853,0
a28958,0
a28982,0
a28989,0
a29200,0
a29201,0
a29325,0
a29382,0
a29400,0
a29672,0
a29774,0
a29805,0
a29822,0
a29906,0
a29916,0
a29932,0
a29961,0
a29999,0
a30130,0
a30231,0
a30252,0
a30307,0
a30308,0
a30332,0
a30385,0
a30430,0
a30438,0
a30618,0
a30726,0
a30958,0
a31071,0
a31087,0
a31092,0
a31213,0
a31405,0
a31419,0
a31440,0
a31487,0
