ID,Predict
a06609,1
a11118,1
a30307,1
a14278,1
a23379,1
a10657,1
a17602,1
a25556,1
a24062,1
a04922,1
a13496,1
a28301,1
a09378,1
a14815,1
a12020,1
a27163,1
a16900,1
a13141,1
a05593,1
a02597,1
a07052,1
a08275,1
a05248,1
a04914,1
a28348,1
a05799,1
a21750,1
a28200,1
a30726,1
a15150,1
a02812,1
a10366,1
a25156,1
a07509,1
a11099,1
a12156,1
a14679,1
a21050,1
a28685,1
a31087,1
a07360,1
a04806,1
a24427,1
a00615,1
a12089,1
a22173,1
a03896,1
a31159,1
a15342,1
a09301,1
a30405,1
a20657,1
a26723,1
a05971,1
a06150,1
a22777,1
a09003,1
a23164,1
a27228,1
a16368,1
a24545,1
a01244,1
a23885,1
a17369,1
a04185,1
a27030,1
a25473,1
a08898,1
a15164,1
a06058,1
a28283,1
a29325,1
a26257,1
a27046,1
a30157,1
a28267,1
a29999,1
a15025,1
a02368,1
a28650,1
a24506,1
a18646,1
a14903,1
a25640,1
a05504,1
a21823,1
a24324,1
a15211,1
a26343,1
a03720,1
a08105,1
a30958,1
a24282,1
a10905,1
a13796,1
a27845,1
a14875,1
a17220,1
a24372,1
a16619,1
a07341,1
a06029,1
a24611,1
a29961,1
a18313,1
a14193,1
a22418,1
a03927,1
a11175,1
a28682,1
a20824,1
a20196,1
a17804,1
a14477,1
a20979,1
a02737,1
a11846,1
a25095,1
a23067,1
a04589,1
a30786,1
a26180,1
a26083,1
a10172,1
a19653,1
a13468,1
a30130,1
a20739,1
a11426,1
a02753,1
a07875,1
a27512,1
a25025,1
a15938,1
a16309,1
a17880,1
a27089,1
a21915,1
a22194,1
a26191,1
a25315,1
a05261,1
a00233,1
a11682,1
a29201,1
a13721,1
a23737,1
a05309,1
a09244,1
a24573,1
a02732,1
a16414,1
a12206,1
a17697,1
a12355,1
a18539,1
a21878,1
a01113,1
a31092,1
a20491,1
a28516,1
a14921,1
a02934,1
a08612,1
a18863,1
a23542,1
a23216,1
a11176,1
a02215,1
a13437,1
a03574,1
a18491,1
a23935,1
a12279,1
a00834,1
a09493,1
a12049,1
a14641,1
a10091,1
a28430,1
a28962,1
a27435,1
a06259,1
a26444,1
a10422,1
a16188,1
a05840,1
a22835,1
a26090,1
a17072,1
a16193,1
a04543,1
a22026,1
a20466,1
a18143,1
a01369,1
a04284,1
a26919,1
a16048,1
a27952,1
a29515,1
a13204,1
a06693,1
a02198,1
a01319,1
a13837,1
a00676,1
a21573,1
a08481,1
a00629,1
a04906,1
a21546,1
a30491,1
a10696,1
a22786,1
a28235,1
a24562,1
a18428,1
a31071,1
a13155,1
a28273,1
a05344,1
a09397,1
a19322,1
a30308,1
a01791,1
a13920,1
a10874,1
a10023,1
a10287,1
a08442,1
a15914,1
a06814,0
a12424,0
a01563,0
a07109,0
a05141,0
a24374,0
a02553,0
a07832,0
a10746,0
a18380,0
a23038,0
a28870,0
a07414,0
a02735,0
a14843,0
a25879,0
a27582,0
a02125,0
a09080,0
a07786,0
a26791,0
a13912,0
a12625,0
a30231,0
a30252,0
a29200,0
a07889,0
a15366,0
a08325,0
a03437,0
a11686,0
a19346,0
a21170,0
a04713,0
a29382,0
a26266,0
a22468,0
a21756,0
a29822,0
a04621,0
a03183,0
a26300,0
a13520,0
a26907,0
a10009,0
a04076,0
a22345,0
a12078,0
a22470,0
a01752,0
a27074,0
a03727,0
a09495,0
a04004,0
a01100,0
a06709,0
a24383,0
a06103,0
a27761,0
a13975,0
a01712,0
a19386,0
a03849,0
a03519,0
a29211,0
a27206,0
a02761,0
a20655,0
a13942,0
a05300,0
a29916,0
a09568,0
a19203,0
a30145,0
a16615,0
a00604,0
a28326,0
a09112,0
a19787,0
a18456,0
a06566,0
a19506,0
a22981,0
a30332,0
a17433,0
a25796,0
a01701,0
a03296,0
a25880,0
a22931,0
a21526,0
a19040,0
a03683,0
a26645,0
a12964,0
a12458,0
a27406,0
a23413,0
a11307,0
a12655,0
a24096,0
a09833,0
a27078,0
a21009,0
a16073,0
a01574,0
a31419,0
a28814,0
a12790,0
a24070,0
a25098,0
a20403,0
a01218,0
a24690,0
a13762,0
a02312,0
a23233,0
a23925,0
a27263,0
a26667,0
a08981,0
a24007,0
a19391,0
a09979,0
a12128,0
a18569,0
a08675,0
a04533,0
a01780,0
a09737,0
a09637,0
a08841,0
a13742,0
a06046,0
a02876,0
a27569,0
a00268,0
a03937,0
a20555,0
a22208,0
a08258,0
a27527,0
a28989,0
a11281,0
a00165,0
a10483,0
a04812,0
a13250,0
a23810,0
a13022,0
a11186,0
a21597,0
a20153,0
a09461,0
a13609,0
a01771,0
a19612,0
a12325,0
a09635,0
a06418,0
a10506,0
a11707,0
a03769,0
a17253,0
a25147,0
a14092,0
a26920,0
a14459,0
a04743,0
a05974,0
a10677,0
a02601,0
a01266,0
a20329,0
a00093,0
a04334,0
a08888,0
a00410,0
a14036,0
a17848,0
a08936,0
a13339,0
a05479,0
a00316,0
a19026,0
a06748,0
a15949,0
a13876,0
a07421,0
a21394,0
a17516,0
a21865,0
a26878,0
a01807,0
a17090,0
a05573,0
a19371,0
a17332,0
a04096,0
a08751,0
a09587,0
a12047,0
a17232,0
a19350,0
a16700,0
a19445,0
a21855,0
a18936,0
a23317,0
a18837,0
a12104,0
a26641,0
a28375,0
a21157,0
a12219,0
a25519,0
a18825,0
a03216,0
a28831,0
a23376,0
a28151,0
a16984,0
a20200,0
a17905,0
a18561,0
a01154,0
a09131,0
a02614,0
a01733,0
a01078,0
a22198,0
a22795,0
a10103,0
a19519,0
a30430,0
a04056,0
a21927,0
a01349,0
a12738,0
a13289,0
a00638,0
a12530,0
a11006,0
a06470,0
a25804,0
a30975,0
a00787,0
a08932,0
a24190,0
a13891,0
a20622,0
a09144,0
a14115,0
a08939,0
a18008,0
a17263,0
a06953,0
a16403,0
a03385,0
a22145,0
a09178,0
a13561,0
a10666,0
a18710,0
a19560,0
a25166,0
a28032,0
a19525,0
a30438,0
a04294,0
a03030,0
a28958,0
a19166,0
a16592,0
a29774,0
a09349,0
a17711,0
a04827,0
a28394,0
a01778,0
a04997,0
a21821,0
a19915,0
a22281,0
a22272,0
a29805,0
a19414,0
a01829,0
a04189,0
a11156,0
a12360,0
a26737,0
a28982,0
a14077,0
a18739,0
a27682,0
a07437,0
a03811,0
a20991,0
a24059,0
a07689,0
a21136,0
a26952,0
a11101,0
a28986,0
a07520,0
a29719,0
a08558,0
a16770,0
a03728,0
a31213,0
a12719,0
a12237,0
a04262,0
a27826,0
a05678,0
a10753,0
a19781,0
a18087,0
a22503,0
a16546,0
a10566,0
a28721,0
a25643,0
a10704,0
a03817,0
a02568,0
a14310,0
a24193,0
a28863,0
a21701,0
a12130,0
a00134,0
a27922,0
a00661,0
a14642,0
a13692,0
a26365,0
a18517,0
a07962,0
a01120,0
a21874,0
a00927,0
a24566,0
a18879,0
a11956,0
a13252,0
a24028,0
a06752,0
a11623,0
a13818,0
a17088,0
a27050,0
a09959,0
a21086,0
a22051,0
a20137,0
a03699,0
a00046,0
a28100,0
a26412,0
a13992,0
a21826,0
a19379,0
a29400,0
a24203,0
a27611,0
a02249,0
a05116,0
a00804,0
a15307,0
a15620,0
a29672,0
a25790,0
a13635,0
a03641,0
a23827,0
a04849,0
a19422,0
a01725,0
a14401,0
a15165,0
a09043,0
a23884,0
a07715,0
a26439,0
a21321,0
a29133,0
a14171,0
a10889,0
a31487,0
a09316,0
a25711,0
a03525,0
a08098,0
a06251,0
a01308,0
a08387,0
a12869,0
a06204,0
a12904,0
a11877,0
a15811,0
a11238,0
a11766,0
a18588,0
a17328,0
a09407,0
a05200,0
a17325,0
a11656,0
a28119,0
a12806,0
a13785,0
a19015,0
a15182,0
a16177,0
a07115,0
a27590,0
a17180,0
a08541,0
a05133,0
a06497,0
a16428,0
a22657,0
a16083,0
a14499,0
a01745,0
a14428,0
a16100,0
a30385,0
a25297,0
a08044,0
a21278,0
a17918,0
a01219,0
a27001,0
a07959,0
a12683,0
a12927,0
a27551,0
a14803,0
a26095,0
a25767,0
a11154,0
a19383,0
a15871,0
a22570,0
a10791,0
a22525,0
a24990,0
a24253,0
a06928,0
a02205,0
a02772,0
a22490,0
a25501,0
a31405,0
a28061,0
a28442,0
a18627,0
a04080,0
a17482,0
a22193,0
a28795,0
a02698,0
a28561,0
a31440,0
a02013,0
a13782,0
a21643,0
a28628,0
a09740,0
a18523,0
a24318,0
a06965,0
a22978,0
a27783,0
a00639,0
a26325,0
a02053,0
a27381,0
a12610,0
a28172,0
a06010,0
a04259,0
a29906,0
a15735,0
a21300,0
a03820,0
a05554,0
a23973,0
a12651,0
a01936,0
a07411,0
a09500,1
a23186,1
a07295,1
a29387,1
a08576,1
a03190,1
a24517,1
a30741,1
a29717,1
a05418,1
a01543,1
a15118,1
a18067,1
a05578,1
a22943,1
a30873,1
a17664,1
a26020,1
a21938,1
a23911,1
a31173,1
a21879,1
a30858,1
a27088,1
a05688,1
a03796,1
a26983,1
a05106,1
a03100,1
a23027,1
a15417,1
a04389,1
a19327,1
a30234,1
a06918,1
a12050,1
a05877,1
a20439,1
a06913,1
a24296,1
a16593,1
a05939,1
a31267,1
a19428,1
a27921,1
a12469,1
a19056,1
a12297,1
a23425,1
a06513,1
a13781,1
a06823,1
a27705,1
a19106,1
a30773,1
a05654,1
a00689,1
a30286,1
a21049,1
a05462,1
a28403,1
a08515,1
a26609,1
a24502,1
a06501,1
a29715,1
a31021,1
a14794,1
a05188,1
a28039,1
a01323,1
a22535,1
a17819,1
a21078,1
a27266,1
a22213,1
a24725,1
a14800,1
a10822,1
a20891,1
a14728,1
a18590,1
a22740,1
a03890,1
a22785,1
a15686,1
a08789,1
a30170,1
a25922,1
a16166,1
a21638,1
a01000,1
a15619,1
a02560,1
a24419,1
a13402,1
a17105,1
a05174,1
a01225,1
a14915,1
a18665,1
a20225,1
a02688,1
a00473,1
a30993,1
a14355,1
a15897,1
a03967,1
a28020,1
a06890,1
a00095,1
a31150,1
a03862,1
a27351,1
a17634,1
a29238,1
a21925,1
a03200,1
a05682,1
a02545,1
a20348,1
a28057,1
a10443,1
a08121,1
a23426,1
a04151,1
a22374,1
a12241,1
a09295,1
a22587,1
a01152,1
a19995,1
a21246,1
a15205,1
a15333,1
a11440,1
a04422,1
a10438,1
a19392,1
a23108,1
a31197,1
a25663,1
a11476,1
a26217,1
a16578,1
a25905,1
a03468,1
a12896,1
a10240,1
a20450,1
a03197,1
a05102,1
a25397,1
a21485,1
a23753,1
a29282,1
a19807,1
a03334,1
a18997,1
a14619,1
a26050,1
a14950,1
a04272,1
a15893,1
a09581,1
a08524,1
a24162,1
a04969,1
a05709,1
a15653,1
a31146,1
a11521,1
a06261,1
a11680,1
a11770,1
a08460,1
a05943,1
a19351,1
a17542,1
a07733,1
a22493,1
a27820,1
a09807,1
a12463,1
a25599,1
a24975,1
a03232,1
a18231,1
a21467,1
a05523,1
a29826,1
a02009,1
a27167,1
a00409,1
a15976,1
a24185,1
a29947,1
a10717,1
a07445,1
a26125,1
a07280,1
a18781,1
a05538,1
a08439,1
a07029,1
a06647,1
a31377,1
a00566,1
a01488,1
a20028,1
a14759,1
a11722,1
a03064,1
a22456,1
a08063,1
a28631,1
a04269,1
a09941,1
a22495,1
a29540,1
a10933,1
a13993,1
a22267,1
a15891,1
a08601,1
a17233,1
a25706,1
a25657,1
a11558,1
a28569,1
a26673,1
a17016,1
a26789,1
a22580,1
a14346,1
a30749,1
a24387,1
a30550,1
a05206,1
a29706,1
a09722,1
a08202,1
a30826,1
a04874,1
a26422,1
a27699,1
a01094,1
a03430,1
a23917,1
a24308,1
a06490,1
a00605,1
a22724,1
a04916,1
a17908,1
a01418,1
a30666,1
a11598,1
a27773,1
a13566,1
a30149,1
a01375,1
a26413,1
a14421,1
a29949,1
a16905,1
a14337,1
a14967,1
a01130,1
a05127,1
a27177,1
a01087,1
a21333,1
a12133,1
a19888,1
a16264,1
a01787,1
a29153,1
a29664,1
a24220,1
a15509,1
a29349,1
a25219,1
a17359,1
a23237,1
a12105,1
a00085,1
a27236,1
a24650,1
a20157,1
a09437,1
a09755,1
a14065,1
a21154,1
a10982,1
a26143,1
a30155,1
a16436,1
a19587,1
a27925,1
a09521,1
a10740,1
a16393,1
a05844,1
a28314,1
a23883,1
a01008,1
a14352,1
a25398,1
a25860,1
a03025,1
a06974,1
a04644,1
a26194,1
a26829,1
a00516,1
a23005,1
a01703,1
a00482,1
a06910,1
a30045,1
a21243,1
a13624,1
a04211,1
a04647,1
a08427,1
a18736,1
a06675,1
a19204,1
a17249,1
a24948,1
a21150,1
a09297,1
a07635,1
a00882,1
a17453,1
a01747,1
a09248,1
a01458,1
a18058,1
a23843,1
a17574,1
a18310,1
a08144,1
a24034,1
a09692,1
a23815,1
a22827,1
a21267,1
a24175,1
a06776,1
a20222,1
a07657,1
a13913,1
a04062,1
a12287,1
a06527,1
a28123,1
a09820,1
a27532,1
a12177,1
a18441,1
a18390,1
a25899,1
a25073,1
a13862,1
a11997,1
a08535,1
a13792,1
a03011,1
a09177,1
a10139,1
a20735,1
a13162,1
a25572,1
a30266,1
a04670,1
a10481,1
a25123,1
a06311,1
a17425,1
a05846,1
a25261,1
a02633,1
a28362,1
a29048,1
a17753,1
a02715,1
a08940,1
a13645,1
a21325,1
a24877,1
a04793,1
a02584,1
a21618,1
a04702,1
a21137,1
a01869,1
a06712,1
a04794,1
a03259,1
a15806,1
a18217,1
a03383,1
a27835,1
a08341,1
a23773,1
a08741,1
a18085,1
a27102,1
a06159,1
a06430,1
a26055,1
a15427,1
a23795,1
a25478,1
a00829,1
a28672,1
a14012,1
a16369,1
a05044,1
a26571,1
a06842,1
a28784,1
a16229,1
a10346,1
a10251,1
a27174,1
a31310,1
a10697,1
a27384,1
a29733,1
a18991,1
a20014,1
a03346,1
a29099,1
a11407,1
a30866,1
a16314,1
a13884,1
a25844,1
a02128,1
a05421,1
a03433,1
a26247,1
a16918,1
a28967,1
a20110,1
a23966,1
a11469,1
a25387,1
a30676,1
a27140,1
a17974,1
a15335,1
a17056,1
a11523,1
a01202,1
a10471,1
a28042,1
a07650,1
a26330,1
a18308,1
a25893,1
a14252,1
a21843,1
a16686,1
a00035,1
a00645,1
a28827,1
a24159,1
a28549,1
a28492,1
a07966,1
a26664,1
a00334,1
a15136,1
a26982,1
a28478,1
a06086,1
a10824,1
a23460,1
a01742,1
a26358,1
a16236,1
a30828,1
a25104,1
a12853,1
a05852,1
a07071,1
a03203,1
a16473,1
a04694,1
a04086,1
a29467,1
a13808,1
a02174,1
a09139,1
a24105,1
a06320,1
a06015,1
a04538,1
a01040,1
a27292,1
a20910,1
a05656,1
a04966,1
a16216,1
a16317,1
a26345,1
a10206,1
a06545,1
a27136,1
a15144,1
a23823,1
a11678,1
a15072,1
a24246,1
a16105,1
a04108,1
a28640,1
a30882,1
a08473,1
a11023,1
a09573,1
a18862,1
a21403,1
a20649,1
a18333,1
a20844,1
a13223,1
a22025,1
a10954,1
a06966,1
a28972,1
a19678,1
a01265,1
a25619,1
a00656,1
a01163,1
a05603,1
a03079,1
a06704,1
a09364,1
a05703,1
a19569,1
a16753,1
a04640,1
a03256,1
a01217,1
a30470,1
a08065,1
a14137,1
a11243,1
a08299,1
a05082,1
a23477,1
a07243,1
a13396,1
a00459,1
a04655,1
a25102,1
a04463,1
a02092,1
a03660,1
a03855,1
a27678,1
a19568,1
a02349,1
a25295,1
a23208,1
a00285,1
a02237,1
a30463,1
a02988,1
a25142,1
a08282,1
a23151,1
a04985,1
a10680,1
a00509,1
a31315,1
a19589,1
a08761,1
a09229,1
a29172,1
a01716,1
a17774,1
a08017,1
a26687,1
a22108,1
a09930,1
a05793,1
a17396,1
a14664,1
a22883,1
a22752,1
a30713,1
a20294,1
a03565,1
a21934,1
a00830,1
a07820,1
a16209,1
a23623,1
a28964,1
a20126,1
a07773,1
a23040,1
a28222,1
a20444,1
a30622,1
a30092,1
a28330,1
a25789,1
a04963,1
a25204,1
a28446,1
a06323,1
a11575,1
a09373,1
a25536,1
a20985,1
a03121,1
a16336,1
a23470,1
a15228,1
a19288,1
a09768,1
a02915,1
a30969,1
a21230,1
a06770,1
a19785,1
a16577,1
a25524,1
a21475,1
a30802,1
a21743,1
a21423,1
a26888,1
a01140,1
a19994,1
a02640,1
a21337,1
a06667,1
a00624,1
a29713,1
a20185,1
a03933,1
a17715,1
a17587,1
a22379,1
a27395,1
a21735,1
a12637,1
a02557,1
a29018,1
a24459,1
a09757,1
a18731,1
a28668,1
a28338,1
a04291,1
a02777,1
a28872,1
a15468,1
a18168,1
a29280,1
a07289,1
a23454,1
a20728,1
a08377,1
a08891,1
a00714,1
a12475,1
a15420,1
a05019,1
a24179,1
a28113,1
a01420,1
a29297,1
a01767,1
a29940,1
a31316,1
a14315,1
a05876,1
a19857,1
a10709,1
a17810,1
a20161,1
a17478,1
a04602,1
a10846,1
a06395,1
a17036,1
a09072,1
a13309,1
a08933,1
a21616,1
a11858,1
a20333,1
a27840,1
a27478,1
a12440,1
a12353,1
a01685,1
a17345,1
a19277,1
a21228,1
a26568,1
a18211,1
a10079,1
a10385,1
a18687,1
a17772,1
a19674,1
a15745,1
a16180,1
a17440,1
a05110,1
a08648,1
a22347,1
a00450,1
a16806,1
a03146,1
a17420,1
a15490,1
a17854,1
a18499,1
a02936,1
a04917,1
a15408,1
a28387,1
a18492,1
a12629,1
a25650,1
a20090,1
a12033,1
a00979,1
a11339,1
a03922,1
a21183,1
a02805,1
a27421,1
a21102,1
a17761,1
a17636,1
a12568,1
a11502,1
a29833,1
a19030,1
a04030,1
a23769,1
a17074,1
a04500,1
a23474,1
a24768,1
a21012,1
a05040,1
a30660,1
a02798,1
a22507,1
a00531,1
a19219,1
a10725,1
a28174,1
a25223,1
a25792,1
a06194,1
a24912,1
a20803,1
a27948,1
a10146,1
a19447,1
a13481,1
a30558,1
a15831,1
a25547,1
a12897,1
a23475,1
a02776,1
a30580,1
a21073,1
a23822,1
a29919,1
a17879,1
a21276,1
a01371,1
a20034,1
a25707,1
a15783,1
a25963,1
a25035,1
a03982,1
a30710,1
a19406,1
a26293,1
a21249,1
a10213,1
a07863,1
a08474,1
a30871,1
a18819,1
a29853,1
a24052,1
a20055,1
a00147,1
a11061,1
a00221,1
a12543,1
a23876,1
a22246,1
a08087,1
a03357,1
a12594,1
a19242,1
a16066,1
a00464,1
a22289,1
a09810,1
a07219,1
a29040,1
a11525,1
a23336,1
a20809,1
a02802,1
a22120,1
a03648,1
a04813,1
a19664,1
a12978,1
a25865,1
a06976,1
a06139,1
a03595,1
a29589,1
a18405,1
a26054,1
a08879,1
a04225,1
a25045,1
a23042,1
a13170,1
a01908,1
a12322,1
a10632,1
a09243,1
a29545,1
a17619,1
a06080,1
a24430,1
a13450,1
a07168,1
a19109,1
a04649,1
a31270,1
a09427,1
a15481,1
a17067,1
a24520,1
a10803,1
a17811,1
a02131,1
a17381,1
a07637,1
a12346,1
a01857,1
a14541,1
a28794,1
a23590,1
a18186,1
a09591,1
a23393,1
a26560,1
a24681,1
a04388,1
a17268,1
a15940,1
a07941,1
a01572,1
a02716,1
a20029,1
a15797,1
a16421,1
a18047,1
a07269,1
a06307,1
a24343,1
a11508,1
a13875,1
a09256,1
a12254,1
a08441,1
a09109,1
a26482,1
a18203,1
a12436,1
a13295,1
a10258,1
a11119,1
a12791,1
a01279,1
a24243,1
a01699,1
a12315,1
a14494,1
a30361,1
a07527,1
a25448,1
a26371,1
a24018,1
a14780,1
a13372,1
a07768,1
a30973,1
a25264,1
a00086,1
a23726,1
a08906,1
a29109,1
a16764,1
a24288,1
a22386,1
a20681,1
a15877,1
a16656,1
a08416,1
a07285,1
a20206,1
a08480,1
a28093,1
a23286,1
a19299,1
a02076,1
a14119,1
a14098,1
a24787,1
a31214,1
a18845,1
a26958,1
a27738,1
a26340,1
a03244,1
a05970,1
a11077,1
a14259,1
a02933,1
a09527,1
a25286,1
a12578,1
a16189,1
a13795,1
a13104,1
a15858,1
a13151,1
a24558,1
a12741,1
a05617,1
a30097,1
a02530,1
a00916,1
a02353,1
a08696,1
a27664,1
a24435,1
a27497,1
a11744,1
a03531,1
a01292,1
a14945,1
a08570,1
a26530,1
a24265,1
a07517,1
a29933,1
a19902,1
a26644,1
a22201,1
a22110,1
a04341,1
a21014,1
a08881,1
a20692,1
a22126,1
a29112,1
a08418,1
a20644,1
a26682,1
a29399,1
a13868,1
a13369,1
a18864,1
a31287,1
a23334,1
a25830,1
a13029,1
a15723,1
a21930,1
a18974,1
a15857,1
a09201,1
a23130,1
a16099,1
a06474,1
a18023,1
a27145,1
a20604,1
a00260,1
a11080,1
a30685,1
a14344,1
a17768,1
a28302,1
a01035,1
a15479,1
a03734,1
a16632,1
a30228,1
a24585,1
a24276,1
a06403,1
a17265,1
a26566,1
a28510,1
a26129,1
a27208,1
a16876,1
a28256,1
a06210,1
a11039,1
a13021,1
a23152,1
a03250,1
a31301,1
a21365,1
a12108,1
a31177,1
a25181,1
a15094,1
a17718,1
a00382,1
a10270,1
a23850,1
a25513,1
a11597,1
a00069,1
a17460,1
a15983,1
a07440,1
a21273,1
a11437,1
a01199,1
a23812,1
a23899,1
a09102,1
a02650,1
a04458,1
a29832,1
a08482,1
a31339,1
a01464,1
a11278,1
a27508,1
a10074,1
a04497,1
a11835,1
a15885,1
a22683,1
a24597,1
a19229,1
a28930,1
a30351,1
a10124,1
a05031,1
a29594,1
a00496,1
a24087,1
a05211,1
a04194,1
a05589,1
a27671,1
a00362,1
a07674,1
a24758,1
a28392,1
a25976,1
a29206,1
a25901,1
a20760,1
a23881,1
a28651,1
a23000,1
a08335,1
a20873,1
a11411,1
a21092,1
a04600,1
a14360,1
a28132,1
a01412,1
a15450,1
a22221,1
a26917,1
a16055,1
a12196,1
a16842,1
a11304,1
a17112,1
a22282,1
a22162,1
a15627,1
a23666,1
a09961,1
a29161,1
a29584,1
a31488,1
a11853,1
a21322,1
a15688,1
a00848,1
a17314,1
a20554,1
a15566,1
a06810,1
a09107,1
a17858,1
a30162,1
a09415,1
a28581,1
a20501,1
a03167,1
a05641,1
a07294,1
a29948,1
a00203,1
a12699,1
a17889,1
a28939,1
a22207,1
a23723,1
a12199,1
a01329,1
a18370,1
a28853,1
a17731,1
a25785,1
a15114,1
a00342,1
a27017,1
a08090,1
a12429,1
a20284,1
a20459,1
a14250,1
a28936,1
a10745,1
a29678,1
a09701,1
a02920,1
a26812,1
a02389,1
a10115,1
a18118,1
a30229,1
a21144,1
a27662,1
a11441,1
a22652,1
a30570,1
a19462,1
a24208,1
a19053,1
a15300,1
a13347,1
a29531,1
a14989,1
a15721,1
a13122,1
a10285,1
a05296,1
a23291,1
a06484,1
a14217,1
a05512,1
a22539,1
a21859,1
a19801,1
a25259,1
a30402,1
a26329,1
a11090,1
a22061,1
a31046,1
a05675,1
a09162,1
a11824,1
a31264,1
a24351,1
a07697,1
a23683,1
a05051,1
a17523,1
a01480,1
a01992,1
a07482,1
a26934,1
a29585,1
a20936,1
a29450,1
a26420,1
a11257,1
a06424,1
a14370,1
a13819,1
a25329,1
a15381,1
a21619,1
a03448,1
a04327,1
a30088,1
a21769,1
a28035,1
a11038,1
a30673,1
a09095,1
a25309,1
a07434,1
a23222,1
a20603,1
a02883,1
a30602,1
a18670,1
a00118,1
a30859,1
a01012,1
a10589,1
a12025,1
a13631,1
a30135,1
a28733,1
a08343,1
a23079,1
a26526,1
a02903,1
a30248,1
a29383,1
a18223,1
a16068,1
a04819,1
a15553,1
a08813,1
a10966,1
a19140,1
a01417,1
a27000,1
a07315,1
a05624,1
a22279,1
a03987,1
a03033,1
a16060,1
a15180,1
a29558,1
a27728,1
a00504,1
a21338,1
a15763,1
a14426,1
a00261,1
a30006,1
a25037,1
a07138,1
a03378,1
a12560,1
a00607,1
a08963,1
a13137,1
a04283,1
a15404,1
a29239,1
a24612,1
a21506,1
a29256,1
a02769,1
a29474,1
a12311,1
a04728,1
a27196,1
a02371,1
a00670,1
a07826,1
a19911,1
a01011,1
a14423,1
a14411,1
a01189,1
a01316,1
a31406,1
a04507,1
a20964,1
a22102,1
a00386,1
a16965,1
a12735,1
a09843,1
a07443,1
a29091,1
a01724,1
a20366,1
a19542,1
a16728,1
a20746,1
a08271,1
a26701,1
a25205,1
a02878,1
a05985,1
a28189,1
a11948,1
a02848,1
a10737,1
a20847,1
a14879,1
a04286,1
a28429,1
a28469,1
a19733,1
a19646,1
a19868,1
a13621,1
a17193,1
a12381,1
a09459,1
a15516,1
a22552,1
a23624,1
a15041,1
a01800,1
a15419,1
a12842,1
a04407,1
a09379,1
a01425,1
a11210,1
a07039,1
a14019,1
a27241,1
a16815,1
a25817,1
a01133,1
a14919,1
a10826,1
a12819,1
a02457,1
a24408,1
a10218,1
a09204,1
a01325,1
a16361,1
a12882,1
a26966,1
a18901,1
a29820,1
a15175,1
a22513,1
a13004,1
a19021,1
a15813,1
a19375,1
a12854,1
a19443,1
a13187,1
a12222,1
a16051,1
a10783,1
a06452,1
a02140,1
a13607,1
a07412,1
a22352,1
a30574,1
a18241,1
a24091,1
a20484,1
a27692,1
a11157,1
a29622,1
a13090,1
a24811,1
a07006,1
a31117,1
a04035,1
a26466,1
a09387,1
a26025,1
a30562,1
a29756,1
a30840,1
a00096,1
a01276,1
a26334,1
a15945,1
a11931,1
a25903,1
a22273,1
a16699,1
a15242,1
a27576,1
a16584,1
a03298,1
a15036,1
a30126,1
a23422,1
a06760,1
a07655,1
a11603,1
a29273,1
a08332,1
a27903,1
a21917,1
a04427,1
a14894,1
a26331,1
a12450,1
a04722,1
a24421,1
a19084,1
a02124,1
a26611,1
a24339,1
a30718,1
a24139,1
a00383,1
a19192,1
a12052,1
a21168,1
a20416,1
a02661,1
a06706,1
a08329,1
a29245,1
a05505,1
a09149,1
a10231,1
a29204,1
a21512,1
a23761,1
a20371,1
a22259,1
a20790,1
a00040,1
a16377,1
a23780,1
a12933,1
a27871,1
a27262,1
a06428,1
a04180,1
a18437,1
a26890,1
a00255,1
a21207,1
a29084,1
a23743,1
a18691,1
a10956,1
a30276,1
a05017,1
a21366,1
a17379,1
a22141,1
a11613,1
a02778,1
a16128,1
a20263,1
a28040,1
a11232,1
a15285,1
a30703,1
a06134,1
a29025,1
a27024,1
a29736,1
a14998,1
a18439,1
a12788,1
a01951,1
a01058,1
a25051,1
a03920,1
a23305,1
a23345,1
a18897,1
a22619,1
a21987,1
a10190,1
a19701,1
a04575,1
a17301,1
a20564,1
a06468,1
a30173,1
a14916,1
a30920,1
a06117,1
a15345,1
a11996,1
a28493,1
a16891,1
a06938,1
a17134,1
a19260,1
a17643,1
a29565,1
a03685,1
a03688,1
a27974,1
a18962,1
a30874,1
a25318,1
a20301,1
a08284,1
a11713,1
a24161,1
a27557,1
a22403,1
a28475,1
a19583,1
a07788,1
a05129,1
a20716,1
a31332,1
a23877,1
a16024,1
a26720,1
a02143,1
a10305,1
a28923,1
a18830,1
a17830,1
a31449,1
a07161,1
a23034,1
a21731,1
a27428,1
a26842,1
a20266,1
a27589,1
a19505,1
a02195,1
a06960,1
a18553,1
a27796,1
a20178,1
a05598,1
a12282,1
a25049,1
a27079,1
a08308,1
a30998,1
a13476,1
a06769,1
a30042,1
a22313,1
a27098,1
a26131,1
a05851,1
a12260,1
a09064,1
a13406,1
a26336,1
a07287,1
a19935,1
a23960,1
a28112,1
a18232,1
a14712,1
a10601,1
a08293,1
a05010,1
a07142,1
a28804,1
a17694,1
a26884,1
a15416,1
a10274,1
a09783,1
a06042,1
a30085,1
a04152,1
a04109,1
a04515,1
a30832,1
a19423,1
a25888,1
a24283,1
a20652,1
a17392,1
a28691,1
a03228,1
a29816,1
a00561,1
a26142,1
a16009,1
a17095,1
a10138,1
a01415,1
a11787,1
a09249,1
a03367,1
a26926,1
a06969,1
a11903,1
a08580,1
a14649,1
a03562,1
a06250,1
a08078,1
a12720,1
a27486,1
a25028,1
a04927,1
a11391,1
a08828,1
a21129,1
a05768,1
a24824,1
a20521,1
a03041,1
a09361,1
a01378,1
a22736,1
a15907,1
a11048,1
a27598,1
a01232,1
a09953,1
a16325,1
a16107,1
a22483,1
a00819,1
a24548,1
a22642,1
a14267,1
a24226,1
a11797,1
a19384,1
a23813,1
a03573,1
a28781,1
a19340,1
a12451,1
a13285,1
a00627,1
a26796,1
a13924,1
a06441,1
a07992,1
a19073,1
a24451,1
a22788,1
a15883,1
a14703,1
a18923,1
a12771,1
a07998,1
a12298,1
a28142,1
a03415,1
a21082,1
a11462,1
a07897,1
a23565,1
a01351,1
a04836,1
a04418,1
a17737,1
a22841,1
a05785,1
a18943,1
a14375,1
a13382,1
a04346,1
a00949,1
a14629,1
a13926,1
a13098,1
a15455,1
a28724,1
a11125,1
a12235,1
a24838,1
a22441,1
a04355,1
a27638,1
a18274,1
a02119,1
a14954,1
a17258,1
a17331,1
a07933,1
a12744,1
a09566,1
a29650,1
a01085,1
a20690,1
a14379,1
a13429,1
a08314,1
a26591,1
a22412,1
a02122,1
a13835,1
a03691,1
a13963,1
a25101,1
a13161,1
a08389,1
a05797,1
a24775,1
a06986,1
a22885,1
a10626,1
a28110,1
a29001,1
a08180,1
a26523,1
a05514,1
a02881,1
a20341,1
a08840,1
a28742,1
a09265,1
a28240,1
a26384,1
a30236,1
a04897,1
a07376,1
a08714,1
a10356,1
a12769,1
a11951,1
a14774,1
a21906,1
a08752,1
a21586,1
a22081,1
a14630,1
a15742,1
a22791,1
a08874,1
a15030,1
a31417,1
a03911,1
a03966,1
a03441,1
a29208,1
a31369,1
a27267,1
a07969,1
a15398,1
a28808,1
a09428,1
a11438,1
a21227,1
a13527,1
a02599,1
a09685,1
a14965,1
a22117,1
a14868,1
a15218,0
a16841,0
a22782,0
a13202,0
a22639,0
a15913,0
a08165,0
a21153,0
a19926,0
a01235,0
a09799,0
a31457,0
a00535,0
a23544,0
a00744,0
a10361,0
a00650,0
a25839,0
a16496,0
a13213,0
a12464,0
a14194,0
a20691,0
a02916,0
a23594,0
a12920,0
a17970,0
a16950,0
a13436,0
a06535,0
a17998,0
a24531,0
a07130,0
a16591,0
a01707,0
a28902,0
a05843,0
a00289,0
a11349,0
a01220,0
a07137,0
a23443,0
a10904,0
a02103,0
a23037,0
a13853,0
a12999,0
a23537,0
a24691,0
a08485,0
a23859,0
a12731,0
a03570,0
a00265,0
a22122,0
a08188,0
a26369,0
a23213,0
a14497,0
a11447,0
a10926,0
a20749,0
a00688,0
a22803,0
a13311,0
a19648,0
a28747,0
a18709,0
a20190,0
a07974,0
a27541,0
a27286,0
a05544,0
a21539,0
a19571,0
a06483,0
a00484,0
a03951,0
a09827,0
a16506,0
a19331,0
a22908,0
a02266,0
a21872,0
a23923,0
a19945,0
a22754,0
a12650,0
a18285,0
a14176,0
a24879,0
a25365,0
a10051,0
a15057,0
a09474,0
a14265,0
a21919,0
a20487,0
a26923,0
a02603,0
a28647,0
a13747,0
a20098,0
a15204,0
a28452,0
a29941,0
a08178,0
a00460,0
a15476,0
a10373,0
a15993,0
a23293,0
a26887,0
a07132,0
a11676,0
a16738,0
a23529,0
a20947,0
a06729,0
a22183,0
a28758,0
a25512,0
a04933,0
a26600,0
a05872,0
a25578,0
a30586,0
a27972,0
a17701,0
a01845,0
a19564,0
a00770,0
a00005,0
a26616,0
a00427,0
a04888,0
a29908,0
a06517,0
a18271,0
a10302,0
a19137,0
a24204,0
a15445,0
a04305,0
a17021,0
a25952,0
a00563,0
a01102,0
a24961,0
a24973,0
a09649,0
a29388,0
a15528,0
a18088,0
a01682,0
a25487,0
a29765,0
a26014,0
a06606,0
a22481,0
a30508,0
a29471,0
a16583,0
a00243,0
a09550,0
a01819,0
a19367,0
a06755,0
a19842,0
a29760,0
a07064,0
a16689,0
a27176,0
a03343,0
a27142,0
a17378,0
a22059,0
a11216,0
a24890,0
a18005,0
a09337,0
a25031,0
a30618,0
a08551,0
a10511,0
a24670,0
a09955,0
a02784,0
a02729,0
a00618,0
a25060,0
a22840,0
a06705,0
a27765,0
a01931,0
a23541,0
a29921,0
a14778,0
a02834,0
a15565,0
a15467,0
a15314,0
a27411,0
a06212,0
a00933,0
a04316,0
a02518,0
a18755,0
a27396,0
a05643,0
a03418,0
a21538,0
a13076,0
a02841,0
a02728,0
a07499,0
a20199,0
a07173,0
a14659,0
a00742,0
a04430,0
a29494,0
a26778,0
a12576,0
a26672,0
a12476,0
a17559,0
a02949,0
a31200,0
a06344,0
a19717,0
a14741,0
a26451,0
a03643,0
a08495,0
a07124,0
a13482,0
a21540,0
a18877,0
a15675,0
a10629,0
a03824,0
a14976,0
a05067,0
a13649,0
a00364,0
a09239,0
a01846,0
a20449,0
a29393,0
a24247,0
a27270,0
a21389,0
a15560,0
a15573,0
a28134,0
a20121,0
a01409,0
a12266,0
a26905,0
a11351,0
a18940,0
a12805,0
a11151,0
a08902,0
a30948,0
a14550,0
a03874,0
a09477,0
a28285,0
a25803,0
a26135,0
a06207,0
a28646,0
a19580,0
a13813,0
a31342,0
a26091,0
a00583,0
a03474,0
a15049,0
a20388,0
a31035,0
a26996,0
a03406,0
a13001,0
a18833,0
a11018,0
a07841,0
a08589,0
a15510,0
a30729,0
a28739,0
a13894,0
a16974,0
a13636,0
a14895,0
a20688,0
a15928,0
a11865,0
a09208,0
a23562,0
a07263,0
a11272,0
a28966,0
a07738,0
a02227,0
a17204,0
a15111,0
a21171,0
a15394,0
a30529,0
a09696,0
a08764,0
a15470,0
a17938,0
a28201,0
a20837,0
a01076,0
a02503,0
a22839,0
a21993,0
a24424,0
a18549,0
a27710,0
a30542,0
a13239,0
a08388,0
a31498,0
a02489,0
a24511,0
a30976,0
a18244,0
a23851,0
a02261,0
a00461,0
a09108,0
a29871,0
a17543,0
a10497,0
a01768,0
a14931,0
a16861,0
a13254,0
a26469,0
a26019,0
a00315,0
a26718,0
a04980,0
a25191,0
a04464,0
a04803,0
a06392,0
a04881,0
a04672,0
a19115,0
a17972,0
a23432,0
a06848,0
a04662,0
a14867,0
a15021,0
a14439,0
a13409,0
a19566,0
a24484,0
a28468,0
a05842,0
a10652,0
a03120,0
a19920,0
a10456,0
a19081,0
a18706,0
a12293,0
a19080,0
a18249,0
a14811,0
a05928,0
a20563,0
a15834,0
a14222,0
a21858,0
a06457,0
a13638,0
a01664,0
a04267,0
a30527,0
a11694,0
a22526,0
a02712,0
a29469,0
a09877,0
a10517,0
a15130,0
a31082,0
a30312,0
a18001,0
a31124,0
a31407,0
a29167,0
a06062,0
a14348,0
a06745,0
a17261,0
a00857,0
a09588,0
a15383,0
a23744,0
a14891,0
a07237,0
a05152,0
a12358,0
a17693,0
a30183,0
a03803,0
a10369,0
a07707,0
a15732,0
a22380,0
a30118,0
a26665,0
a05215,0
a21094,0
a23240,0
a06410,0
a06130,0
a28083,0
a07105,0
a27526,0
a31160,0
a29619,0
a11569,0
a09429,0
a23495,0
a19164,0
a27522,0
a24458,0
a04181,0
a21759,0
a13212,0
a00170,0
a28214,0
a27146,0
a17283,0
a23177,0
a07892,0
a10728,0
a17812,0
a12316,0
a27703,0
a26863,0
a25294,0
a28320,0
a25956,0
a02366,0
a26597,0
a26692,0
a10021,0
a10035,0
a15050,0
a14192,0
a23673,0
a20799,0
a27221,0
a04652,0
a26510,0
a18543,0
a28578,0
a28567,0
a10499,0
a20296,0
a21674,0
a27775,0
a24730,0
a12227,0
a31446,0
a12394,0
a18960,0
a07418,0
a04246,0
a20948,0
a00405,0
a00610,0
a12218,0
a21988,0
a02871,0
a11132,0
a24971,0
a14153,0
a27575,0
a25433,0
a14942,0
a20277,0
a09225,0
a21655,0
a09090,0
a25542,0
a06576,0
a13427,0
a31490,0
a04005,0
a29488,0
a16217,0
a05032,0
a04759,0
a14870,0
a25438,0
a09706,0
a07862,0
a18077,0
a03805,0
a22152,0
a12173,0
a16614,0
a28544,0
a21943,0
a21564,0
a14557,0
a07416,0
a22131,0
a26152,0
a02318,0
a15824,0
a03485,0
a10674,0
a15028,0
a23571,0
a07847,0
a11027,0
a11456,0
a16938,0
a04557,0
a28711,0
a15731,0
a22807,0
a27045,0
a05043,0
a03235,0
a17247,0
a13183,0
a09668,0
a15994,0
a21559,0
a16572,0
a15693,0
a23700,0
a08021,0
a17588,0
a19585,0
a13201,0
a10897,0
a06564,0
a05370,0
a27035,0
a17084,0
a01462,0
a12628,0
a25656,0
a04511,0
a22099,0
a02831,0
a17832,0
a25659,0
a05050,0
a17564,0
a19305,0
a14066,0
a05042,0
a26806,0
a27912,0
a17805,0
a02660,0
a23821,0
a25022,0
a05964,0
a08920,0
a20931,0
a18246,0
a05469,0
a26626,0
a28208,0
a19388,0
a07550,0
a08931,0
a16058,0
a15478,0
a04132,0
a12862,0
a27958,0
a26867,0
a27807,0
a12938,0
a13999,0
a10996,0
a20963,0
a04390,0
a30577,0
a26278,0
a06524,0
a11785,0
a28296,0
a08848,0
a26327,0
a09841,0
a09185,0
a01517,0
a20051,0
a14872,0
a14306,0
a28726,0
a09545,0
a14738,0
a12814,0
a16749,0
a17942,0
a09089,0
a28604,0
a25299,0
a13322,0
a10198,0
a15440,0
a14871,0
a22836,0
a05915,0
a16890,0
a10339,0
a12498,0
a30522,0
a06813,0
a11453,0
a04669,0
a20007,0
a18097,0
a09660,0
a14251,0
a06937,0
a10469,0
a28666,0
a31328,0
a17967,0
a08667,0
a30446,0
a08368,0
a06301,0
a11524,0
a07384,0
a02367,0
a02900,0
a21895,0
a17078,0
a05417,0
a07679,0
a18822,0
a24606,0
a04569,0
a30956,0
a05652,0
a29386,0
a17391,0
a27218,0
a29281,0
a25573,0
a20865,0
a11177,0
a14877,0
a29081,0
a15849,0
a08444,0
a11536,0
a16988,0
a02526,0
a08097,0
a28463,0
a23232,0
a10808,0
a10585,0
a21048,0
a18463,0
a04550,0
a20260,0
a13734,0
a28182,0
a23315,0
a18628,0
a22648,0
a07960,0
a00027,0
a12426,0
a02620,0
a12447,0
a08138,0
a04013,0
a27367,0
a22354,0
a19432,0
a27578,0
a03106,0
a00518,0
a27329,0
a03656,0
a11622,0
a12732,0
a07681,0
a21493,0
a08926,0
a14323,0
a10832,0
a19496,0
a29371,0
a28714,0
a11471,0
a16447,0
a25732,0
a25761,0
a09260,0
a01459,0
a09115,0
a19716,0
a27618,0
a30486,0
a06217,0
a05644,0
a18254,0
a15369,0
a31230,0
a22017,0
a15023,0
a26710,0
a20990,0
a19985,0
a04174,0
a25936,0
a21099,0
a31026,0
a23929,0
a30775,0
a02304,0
a13728,0
a25402,0
a07695,0
a19850,0
a18878,0
a15527,0
a08107,0
a17395,0
a30901,0
a05885,0
a08689,0
a06478,0
a02873,0
a03819,0
a16158,0
a21651,0
a19028,0
a23936,0
a03550,0
a29246,0
a30598,0
a18977,0
a20717,0
a27488,0
a15873,0
a06225,0
a10119,0
a04359,0
a29457,0
a13750,0
a16752,0
a21649,0
a25125,0
a07730,0
a14489,0
a27325,0
a14042,0
a27627,0
a06347,0
a06669,0
a08407,0
a09402,0
a02506,0
a06833,0
a07248,0
a03419,0
a10774,0
a06599,0
a27899,0
a28293,0
a30350,0
a00341,0
a07484,0
a21069,0
a12157,0
a10266,0
a01359,0
a08225,0
a31061,0
a10015,0
a16495,0
a14591,0
a30754,0
a14549,0
a07385,0
a23160,0
a18572,0
a21281,0
a29003,0
a04249,0
a28748,0
a18311,0
a26752,0
a23586,0
a25563,0
a02817,0
a24892,0
a19845,0
a06555,0
a12493,0
a00416,0
a14959,0
a10337,0
a29809,0
a23946,0
a17170,0
a16267,0
a20541,0
a04443,0
a14047,0
a01775,0
a23514,0
a06650,0
a23671,0
a11458,0
a24816,0
a29560,0
a13565,0
a01660,0
a21047,0
a19539,0
a08525,0
a26314,0
a01744,0
a13225,0
a01271,0
a23120,0
a25725,0
a03284,0
a03594,0
a07468,0
a27947,0
a11699,0
a28924,0
a27052,0
a03469,0
a11634,0
a24726,0
a13228,0
a29497,0
a08578,0
a09565,0
a22462,0
a10685,0
a07038,0
a14143,0
a26601,0
a10938,0
a16574,0
a23703,0
a06098,0
a21303,0
a24186,0
a25258,0
a17235,0
a17456,0
a07108,0
a10344,0
a10732,0
a30174,0
a18591,0
a16026,0
a06961,0
a25184,0
a03908,0
a16703,0
a25080,0
a08622,0
a31099,0
a29188,0
a01050,0
a06390,0
a03873,0
a15367,0
a26502,0
a27817,0
a06236,0
a01299,0
a10306,0
a16294,0
a01038,0
a22653,0
a25413,0
a04027,0
a05209,0
a19789,0
a22843,0
a04021,0
a18771,0
a15778,0
a10539,0
a09788,0
a30930,0
a29524,0
a19796,0
a04691,0
a02734,0
a29115,0
a22737,0
a20748,0
a22739,0
a17923,0
a28422,0
a08487,0
a08118,0
a01894,0
a14144,0
a20702,0
a00051,0
a23018,0
a08702,0
a29817,0
a16856,0
a20851,0
a20490,0
a15530,0
a24714,0
a11659,0
a05482,0
a29660,0
a31012,0
a15058,0
a02697,0
a23860,0
a30056,0
a02921,0
a09012,0
a27648,0
a26110,0
a21862,0
a11654,0
a07495,0
a05001,0
a21250,0
a01006,0
a27181,0
a09196,0
a12352,0
a14983,0
a01054,0
a01457,0
a29932,0
a08414,0
a04521,0
a05362,0
a25825,0
a26097,0
a18980,0
a06827,0
a01500,0
a07503,0
a30477,0
a09559,0
a01403,0
a01063,0
a00299,0
a09853,0
a09974,0
a19239,0
a16281,0
a31203,0
a13603,0
a10405,0
a04920,0
a02031,0
a16755,0
a27162,0
a11416,0
a10452,0
a08072,0
a14099,0
a30619,0
a27233,0
a12058,0
a03900,0
a20590,0
a30607,0
a13052,0
a06598,0
a07206,0
a13528,0
a26026,0
a24797,0
a04678,0
a02300,0
a04345,0
a00454,0
a30179,0
a21384,0
a09058,0
a20255,0
a04952,0
a24553,0
a26355,0
a09182,0
a00814,0
a15713,0
a25380,0
a25178,0
a18884,0
a16857,0
a26997,0
a11331,0
a20900,0
a07225,0
a19764,0
a28509,0
a23486,0
a27760,0
a01380,0
a17037,0
a29520,0
a22243,0
a06100,0
a26086,0
a19369,0
a09369,0
a16954,0
a13732,0
a01728,0
a28883,0
a01887,0
a21484,0
a10427,0
a05857,0
a02889,0
a18904,0
a05486,0
a26289,0
a05342,0
a29626,0
a25980,0
a00404,0
a22340,0
a14021,0
a25654,0
a15647,0
a23024,0
a30208,0
a07103,0
a11943,0
a23392,0
a00976,0
a01262,0
a08593,0
a29835,0
a26576,0
a08045,0
a04751,0
a30235,0
a13774,0
a09826,0
a18892,0
a16093,0
a22130,0
a21483,0
a29241,0
a31024,0
a14902,0
a16986,0
a02657,0
a01870,0
a02814,0
a18664,0
a27064,0
a00588,0
a05119,0
a09042,0
a31384,0
a07719,0
a23473,0
a25029,0
a27350,0
a07218,0
a20784,0
a07723,0
a06265,0
a14445,0
a02992,0
a16611,0
a22797,0
a20005,0
a27476,0
a18180,0
a03212,0
a13698,0
a19578,0
a07176,0
a13832,0
a00703,0
a09353,0
a17852,0
a08815,0
a01738,0
a21534,0
a19201,0
a00437,0
a11883,0
a03877,0
a09323,0
a25579,0
a17443,0
a08649,0
a30889,0
a16221,0
a08262,0
a02909,0
a08574,0
a10773,0
a21348,0
a11895,0
a06801,0
a25482,0
a22666,0
a02088,0
a17387,0
a29745,0
a26605,0
a05632,0
a03888,0
a23543,0
a15382,0
a03375,0
a20375,0
a08865,0
a11832,0
a20421,0
a25561,0
a10065,0
a11086,0
a15223,0
a07178,0
a03746,0
a05575,0
a15248,0
a30883,0
a07030,0
a24734,0
a10217,0
a08006,0
a00351,0
a10598,0
a27223,0
a01195,0
a18891,0
a04228,0
a01123,0
a14601,0
a03853,0
a24554,0
a31256,0
a00199,0
a24008,0
a28205,0
a15288,0
a13794,0
a21853,0
a04003,0
a29751,0
a15163,0
a04442,0
a21200,0
a02625,0
a03074,0
a20961,0
a27331,0
a29275,0
a05093,0
a22859,0
a21719,0
a20500,0
a04357,0
a14507,0
a28817,0
a29857,0
a03879,0
a03806,0
a09969,0
a15814,0
a07838,0
a07870,0
a28815,0
a09985,0
a28139,0
a07556,0
a28641,0
a20026,0
a23628,0
a23209,0
a05491,0
a05653,0
a27733,0
a25469,0
a24596,0
a08796,0
a20006,0
a28023,0
a26339,0
a29058,0
a25368,0
a20710,0
a10837,0
a08673,0
a27477,0
a31248,0
a19343,0
a03314,0
a30650,0
a23244,0
a25722,0
a25118,0
a24666,0
a00551,0
a13063,0
a23932,0
a01860,0
a08353,0
a06547,0
a17995,0
a21161,0
a28911,0
a05749,0
a16049,0
a08918,0
a24784,0
a08964,0
a24206,0
a21474,0
a11868,0
a10056,0
a04486,0
a05088,0
a20448,0
a08252,0
a02965,0
a21623,0
a25449,0
a02230,0
a03456,0
a29448,0
a00904,0
a07114,0
a27920,0
a19761,0
a07585,0
a03544,0
a14831,0
a20791,0
a19651,0
a01912,0
a18747,0
a20676,0
a16687,0
a05115,0
a23279,0
a27205,0
a26070,0
a13325,0
a28179,0
a18071,0
a20256,0
a10202,0
a14602,0
a22745,0
a15729,0
a23118,0
a11675,0
a01856,0
a10255,0
a29752,0
a22562,0
a06170,0
a16709,0
a11741,0
a03078,0
a10364,0
a26096,0
a17910,0
a05444,0
a07276,0
a20859,0
a19138,0
a11539,0
a10340,0
a03540,0
a24305,0
a26500,0
a12972,0
a26975,0
a23564,0
a14678,0
a29299,0
a22741,0
a30048,0
a27370,0
a23731,0
a15923,0
a20888,0
a13877,0
a06078,0
a09680,0
a24652,0
a01398,0
a17499,0
a28169,0
a03783,0
a31103,0
a25458,0
a14112,0
a00009,0
a07201,0
a06975,0
a04938,0
a22157,0
a01139,0
a14615,0
a09398,0
a07274,0
a03049,0
a30655,0
a29677,0
a26781,0
a09314,0
a19661,0
a17151,0
a20297,0
a29051,0
a25779,0
a11815,0
a27420,0
a27887,0
a28681,0
a09375,0
a08274,0
a13591,0
a08771,0
a07592,0
a22453,0
a00063,0
a24121,0
a10330,0
a30564,0
a29215,0
a27708,0
a07313,0
a22382,0
a11786,0
a27506,0
a01287,0
a04928,0
a21234,0
a00080,0
a07728,0
a04943,0
a23931,0
a20641,0
a10988,0
a14668,0
a01505,0
a03047,0
a14434,0
a03044,0
a25026,0
a01022,0
a06090,0
a04540,0
a28393,0
a27842,0
a04823,0
a01994,0
a17522,0
a17447,0
a31309,0
a12365,0
a22593,0
a19313,0
a20492,0
a14107,0
a06673,0
a24029,0
a04541,0
a26652,0
a29873,0
a30440,0
a20010,0
a03542,0
a21572,0
a10620,0
a07305,0
a27872,0
a20548,0
a09061,0
a25500,0
a07123,0
a12518,0
a18415,0
a08158,0
a14035,0
a02393,0
a29561,0
a12991,0
a23404,0
a04527,0
a20494,0
a11376,0
a29851,0
a08074,0
a03095,0
a08342,0
a29803,0
a10595,0
a23965,0
a04102,0
a29473,0
a22103,0
a07398,0
a06754,0
a24187,0
a09724,0
a12739,0
a29984,0
a13895,0
a20027,0
a30643,0
a29095,0
a23241,0
a17497,0
a25894,0
a09580,0
a16004,0
a03730,0
a16276,0
a23725,0
a22038,0
a24994,0
a12913,0
a17688,0
a24060,0
a08411,0
a29976,0
a27260,0
a05869,0
a08011,0
a24707,0
a06604,0
a09439,0
a18411,0
a06942,0
a19405,0
a09470,0
a10049,0
a21305,0
a20276,0
a21601,0
a01227,0
a07316,0
a26346,0
a06272,0
a24757,0
a13751,0
a10835,0
a08565,0
a17941,0
a27667,0
a30631,0
a05998,0
a25533,0
a02330,0
a26834,0
a14068,0
a01036,0
a16148,0
a05755,0
a19586,0
a10409,0
a09445,0
a17457,0
a30639,0
a16945,0
a28614,0
a27897,0
a22449,0
a13438,0
a30864,0
a05170,0
a15611,0
a15317,0
a08369,0
a26043,0
a11509,0
a31438,0
a04405,0
a03053,0
a03313,0
a03503,0
a15074,0
a21885,0
a20719,0
a17404,0
a19970,0
a15727,0
a13844,0
a07976,0
a29860,0
a01878,0
a09328,0
a04429,0
a09917,0
a13051,0
a15650,0
a24867,0
a20585,0
a06557,0
a22853,0
a00059,0
a27626,0
a19996,0
a29335,0
a20187,0
a08627,0
a06874,0
a07579,0
a13222,0
a19278,0
a31294,0
a20526,0
a23829,0
a16341,0
a05320,0
a20976,0
a10382,0
a21029,0
a01696,0
a13810,0
a12366,0
a07830,0
a13071,0
a16338,0
a05854,0
a20204,0
a12811,0
a01346,0
a11720,0
a02479,0
a21277,0
a01013,0
a08755,0
a03999,0
a05340,0
a23409,0
a03904,0
a28828,0
a13283,0
a00458,0
a05963,0
a22067,0
a01183,0
a30290,0
a10964,0
a28260,0
a10641,0
a19222,0
a23401,0
a17308,0
a18906,0
a18342,0
a12334,0
a03541,0
a04467,0
a25631,0
a19759,0
a20759,0
a08053,0
a12855,0
a22235,0
a16122,0
a12961,0
a13088,0
a11763,0
a22860,0
a19687,0
a21866,0
a27147,0
a02874,0
a11547,0
a28765,0
a07769,0
a06788,0
a04720,0
a27546,0
a21577,0
a02896,0
a09928,0
a24090,0
a05355,0
a24887,0
a23455,0
a07501,0
a12270,0
a02254,0
a18128,0
a24939,0
a28840,0
a05389,0
a18811,0
a11369,0
a08722,0
a08337,0
a06888,0
a15989,0
a20175,0
a11543,0
a17272,0
a22035,0
a13989,0
a19095,0
a18921,0
a26415,0
a08999,0
a03133,0
a09179,0
a27335,0
a16430,0
a03491,0
a26614,0
a17256,0
a11390,0
a12711,0
a14033,0
a18300,0
a03787,0
a14713,0
a18679,0
a11479,0
a03756,0
a18917,0
a13341,0
a23857,0
a13377,0
a18280,0
a12167,0
a00321,0
a07303,0
a29449,0
a09965,0
a24266,0
a18849,0
a30452,0
a01233,0
a09697,0
a28252,0
a20257,0
a22182,0
a16153,0
a20119,0
a22806,0
a18425,0
a05311,0
a08339,0
a30158,0
a10690,0
a25543,0
a27182,0
a23934,0
a29363,0
a25987,0
a12737,0
a08499,0
a20815,0
a20968,0
a26998,0
a08133,0
a29389,0
a30714,0
a05513,0
a18773,0
a01524,0
a02912,0
a24795,0
a08835,0
a06775,0
a18896,0
a26367,0
a28880,0
a21837,0
a27870,0
a19877,0
a16114,0
a27916,0
a01173,0
a21997,0
a12166,0
a29920,0
a12444,0
a16356,0
a09695,0
a08821,0
a18149,0
a20156,0
a12123,0
a00004,0
a22384,0
a31472,0
a23464,0
a27747,0
a27430,0
a24483,0
a20464,0
a20549,0
a04007,0
a07829,0
a08260,0
a02957,0
a28129,0
a16956,0
a20594,0
a27717,0
a16803,0
a08944,0
a21607,0
a20780,0
a31330,0
a01498,0
a02701,0
a13967,0
a01414,0
a15929,0
a22158,0
a20144,0
a10860,0
a09023,0
a26624,0
a02344,0
a16796,0
a03051,0
a07066,0
a23380,0
a06807,0
a23664,0
a24668,0
a31399,0
a26650,0
a17735,0
a13885,0
a06357,0
a18809,0
a11466,0
a12406,0
a17296,0
a07368,0
a27911,0
a23423,0
a05742,0
a19535,0
a31015,0
a30934,0
a12421,0
a13092,0
a02165,0
a21679,0
a07535,0
a21463,0
a09541,0
a29110,0
a27930,0
a26511,0
a18470,0
a14347,0
a15359,0
a15246,0
a07129,0
a26232,0
a13570,0
a26424,0
a14848,0
a04171,0
a30853,0
a25288,0
a28427,0
a30345,0
a11829,0
a20906,0
a25459,0
a20980,0
a19948,0
a19311,0
a21973,0
a13833,0
a20250,0
a07916,0
a03084,0
a19476,0
a24027,0
a28037,0
a28135,0
a11405,0
a02150,0
a03859,0
a21518,0
a07077,0
a05734,0
a14899,0
a22622,0
a11636,0
a20942,0
a06659,0
a28329,0
a00555,0
a14548,0
a11510,0
a18031,0
a00209,0
a02098,0
a01045,0
a16510,0
a30047,0
a20828,0
a21151,0
a15847,0
a03724,0
a10400,0
a19933,0
a27558,0
a12001,0
a09504,0
a26625,0
a15608,0
a22512,0
a00870,0
a25122,0
a19696,0
a17274,0
a12724,0
a11789,0
a21443,0
a22333,0
a22147,0
a25231,0
a02301,0
a00335,0
a01700,0
a26583,0
a29496,0
a21490,0
a07565,0
a20302,0
a24497,0
a03872,0
a21894,0
a17389,0
a14314,0
a02504,0
a20577,0
a30378,0
a10113,0
a02402,0
a14475,0
a24274,0
a07793,0
a02554,0
a20781,0
a10210,0
a12326,0
a08304,0
a29194,0
a02339,0
a12881,0
a18483,0
a06594,0
a17493,0
a08049,0
a17373,0
a28591,0
a01709,0
a01991,0
a15741,0
a21163,0
a15867,0
a18044,0
a24057,0
a28237,0
a12670,0
a13025,0
a15548,0
a04910,0
a22610,0
a04964,0
a15639,0
a30645,0
a10647,0
a00649,0
a19705,0
a18072,0
a18032,0
a18821,0
a19099,0
a29802,0
a04982,0
a17412,0
a09666,0
a09073,0
a02804,0
a07195,0
a15508,0
a01739,0
a22900,0
a26239,0
a20370,0
a12431,0
a23300,0
a12174,0
a03267,0
a19185,0
a08979,0
a27811,0
a23206,0
a04053,0
a25375,0
a08995,0
a13492,0
a16855,0
a22553,0
a29402,0
a15464,0
a13260,0
a08905,0
a27825,0
a11347,0
a20395,0
a20392,0
a22413,0
a09457,0
a05838,0
a21020,0
a30647,0
a26132,0
a27465,0
a28508,0
a26950,0
a20874,0
a30854,0
a06956,0
a01069,0
a13010,0
a29218,0
a12500,0
a07146,0
a23132,0
a02617,0
a01516,0
a06624,0
a12240,0
a23792,0
a29056,0
a01977,0
a15567,0
a09275,0
a22325,0
a28371,0
a26361,0
a02418,0
a11143,0
a18472,0
a28053,0
a00346,0
a15101,0
a18199,0
a19097,0
a28552,0
a20219,0
a06171,0
a23078,0
a28231,0
a25399,0
a00385,0
a29755,0
a08968,0
a29937,0
a30735,0
a01240,0
a21340,0
a25332,0
a21659,0
a15334,0
a22184,0
a28860,0
a15606,0
a09901,0
a07661,0
a16134,0
a07080,0
a00823,0
a04739,0
a09388,0
a09561,0
a11410,0
a30692,0
a18707,0
a14447,0
a23125,0
a28398,0
a22997,0
a20914,0
a18399,0
a31286,0
a07408,0
a04939,0
a31169,0
a08660,0
a24464,0
a06909,0
a28082,0
a10727,0
a03652,0
a22072,0
a15012,0
a15761,0
a11587,0
a24792,0
a11898,0
a05693,0
a24126,0
a13613,0
a17887,0
a00018,0
a18369,0
a01510,0
a11667,0
a11739,0
a05880,0
a31093,0
a06469,0
a18321,0
a05016,0
a20404,0
a24095,0
a15665,0
a04229,0
a05831,0
a15421,0
a26860,0
a20476,0
a26249,0
a23100,0
a28602,0
a27284,0
a12408,0
a02054,0
a17223,0
a12833,0
a27449,0
a31151,0
a18158,0
a00448,0
a25837,0
a15662,0
a01954,0
a26262,0
a29354,0
a13960,0
a09085,0
a03580,0
a31345,0
a31182,0
a27685,0
a06066,0
a02615,0
a08753,0
a27528,0
a13969,0
a29638,0
a30708,0
a02455,0
a26525,0
a00786,0
a03031,0
a14830,0
a10371,0
a31361,0
a19220,0
a13572,0
a09266,0
a19520,0
a21784,0
a21772,0
a02537,0
a28401,0
a28306,0
a30632,0
a10533,0
a29370,0
a17875,0
a15638,0
a05327,0
a16247,0
a16521,0
a09661,0
a07253,0
a16459,0
a20240,0
a05323,0
a18727,0
a14368,0
a26861,0
a23757,0
a00264,0
a11719,0
a06462,0
a02730,0
a17488,0
a07921,0
a29464,0
a11790,0
a14130,0
a25096,0
a29304,0
a30414,0
a05959,0
a15952,0
a26356,0
a25700,0
a05810,0
a04570,0
a13367,0
a31424,0
a14912,0
a04141,0
a06736,0
a16694,0
a26171,0
a19855,0
a16259,0
a18608,0
a06366,0
a02171,0
a16235,0
a14828,0
a26760,0
a21488,0
a04558,0
a09296,0
a22543,0
a12489,0
a25883,0
a26580,0
a01532,0
a04066,0
a27304,0
a00636,0
a25799,0
a14523,0
a08677,0
a27864,0
a15400,0
a24884,0
a31184,0
a27919,0
a27481,0
a26442,0
a09039,0
a18681,0
a24555,0
a20292,0
a29062,0
a20158,0
a14258,0
a05533,0
a11632,0
a06107,0
a01428,0
a13281,0
a06292,0
a18266,0
a21466,0
a16641,0
a24315,0
a09727,0
a26960,0
a15604,0
a21105,0
a06112,0
a09136,0
a28304,0
a22944,0
a25279,0
a22651,0
a10171,0
a03211,0
a01589,0
a07765,0
a17215,0
a10656,0
a10653,0
a13116,0
a21657,0
a30304,0
a05841,0
a21802,0
a27769,0
a30268,0
a23711,0
a02381,0
a16167,0
a26308,0
a24698,0
a25362,0
a11306,0
a27475,0
a04656,0
a19317,0
a28713,0
a04809,0
a22084,0
a04103,0
a23660,0
a30612,0
a08091,0
a16702,0
a06678,0
a11415,0
a25777,0
a29183,0
a10615,0
a02859,0
a20012,0
a07845,0
a13327,0
a10010,0
a09766,0
a14039,0
a14155,0
a10563,0
a02803,0
a00922,0
a15346,0
a21271,0
a02149,0
a19632,0
a08242,0
a23250,0
a15001,0
a17222,0
a26417,0
a20112,0
a22074,0
a05324,0
a19883,0
a08491,0
a30012,0
a22689,0
a13033,0
a16774,0
a05784,0
a13608,0
a00175,0
a14890,0
a09187,0
a28662,0
a22921,0
a11981,0
a30611,0
a19602,0
a28741,0
a02824,0
a22496,0
a19979,0
a00145,0
a07653,0
a19616,0
a21516,0
a01252,0
a13176,0
a05497,0
a15902,0
a14693,0
a21004,0
a21583,0
a12343,0
a23369,0
a10229,0
a28106,0
a25206,0
a02830,0
a10259,0
a01981,0
a23980,0
a02594,0
a18750,0
a17304,0
a13687,0
a12516,0
a00872,0
a25171,0
a23080,0
a13083,0
a09298,0
a00041,0
a05195,0
a18705,0
a26341,0
a04777,0
a04894,0
a01343,0
a28560,0
a12825,0
a14650,0
a19608,0
a09315,0
a30305,0
a16198,0
a07179,0
a22945,0
a17476,0
a29975,0
a05714,0
a29055,0
a09548,0
a02902,0
a10541,0
a01473,0
a04603,0
a09233,0
a12024,0
a12243,0
a15341,0
a09611,0
a15062,0
a14706,0
a20970,0
a19541,0
a10196,0
a00250,0
a22090,0
a08607,0
a21589,0
a15471,0
a31389,0
a13173,0
a03253,0
a00590,0
a16968,0
a20698,0
a19833,0
a20701,0
a19475,0
a15373,0
a24522,0
a27530,0
a24056,0
a16695,0
a02689,0
a05940,0
a24911,0
a07957,0
a30595,0
a23199,0
a05397,0
a25852,0
a07067,0
a16827,0
a17053,0
a19276,0
a00987,0
a28258,0
a27644,0
a23274,0
a27641,0
a18989,0
a24834,0
a23093,0
a02445,0
a13626,0
a23614,0
a16389,0
a10233,0
a02581,0
a03017,0
a08737,0
a30974,0
a24986,0
a11161,0
a16302,0
a18503,0
a26993,0
a10786,0
a15348,0
a16260,0
a27559,0
a04232,0
a05061,0
a12579,0
a17048,0
a21410,0
a04460,0
a20001,0
a22608,0
a03339,0
a17611,0
a11046,0
a21494,0
a16135,0
a00166,0
a29764,0
a27105,0
a14651,0
a21519,0
a19677,0
a25692,0
a24106,0
a00991,0
a04833,0
a28675,0
a13330,0
a12573,0
a21902,0
a06419,0
a04055,0
a08066,0
a03821,0
a09838,0
a26471,0
a04807,0
a03205,0
a12188,0
a03293,0
a25609,0
a10220,0
a25115,0
a18471,0
a06282,0
a00550,0
a19611,0
a09718,0
a10489,0
a28610,0
a07060,0
a24753,0
a11706,0
a26716,0
a11269,0
a04329,0
a22812,0
a22300,0
a11356,0
a02591,0
a18890,0
a31403,0
a21626,0
a25998,0
a06657,0
a30811,0
a07950,0
a29004,0
a18200,0
a23548,0
a22568,0
a03472,0
a19874,0
a17459,0
a26107,0
a13620,0
a18797,0
a28417,0
a19098,0
a20125,0
a02315,0
a01559,0
a08435,0
a16706,0
a24479,0
a26660,0
a17403,0
a20536,0
a07590,0
a23890,0
a15079,0
a23419,0
a16033,0
a02783,0
a18761,0
a19715,0
a27984,0
a17362,0
a10239,0
a25986,0
a09594,0
a26545,0
a23903,0
a17748,0
a07801,0
a24568,0
a10678,0
a16676,0
a02840,0
a08972,0
a20477,0
a20896,0
a08636,0
a29928,0
a00269,0
a08554,0
a12265,0
a19734,0
a05704,0
a04438,0
a23424,0
a05459,0
a28474,0
a27385,0
a19997,0
a15829,0
a04301,0
a26028,0
a05679,0
a15177,0
a17024,0
a24140,0
a08687,0
a16431,0
a14177,0
a10564,0
a03651,0
a00283,0
a23972,0
a11679,0
a17120,0
a10207,0
a27194,0
a07410,0
a15269,0
a21117,0
a27694,0
a07143,0
a31460,0
a11958,0
a14076,0
a30627,0
a01413,0
a28537,0
a10360,0
a12915,0
a16868,0
a28900,0
a13412,0
a28594,0
a00782,0
a20830,0
a21608,0
a25120,0
a17468,0
a17299,0
a15315,0
a03073,0
a02208,0
a22050,0
a07062,0
a04565,0
a03399,0
a06065,0
a19438,0
a15835,0
a09454,0
a04271,0
a11812,0
a03408,0
a14562,0
a03068,0
a10876,0
a02513,0
a05143,0
a14408,0
a12924,0
a10351,0
a21505,0
a00825,0
a20974,0
a08699,0
a29440,0
a12159,0
a19666,0
a29837,0
a21977,0
a21702,0
a01967,0
a21689,0
a12118,0
a16359,0
a05290,0
a24291,0
a04934,0
a27619,0
a13497,0
a25957,0
a16813,0
a28354,0
a14840,0
a21259,0
a11249,0
a17295,0
a23205,0
a23023,0
a14469,0
a28416,0
a12745,0
a30761,0
a04708,0
a04618,0
a28311,0
a01419,0
a22650,0
a20231,0
a20089,0
a26099,0
a13547,0
a28270,0
a05477,0
a26856,0
a23441,0
a12557,0
a27964,0
a16723,0
a17122,0
a05108,0
a00878,0
a00754,0
a11160,0
a15865,0
a24221,0
a14316,0
a17174,0
a12983,0
a01520,0
a26112,0
a16145,0
a22328,0
a21965,0
a12773,0
a08773,0
a15680,0
a11259,0
a18922,0
a22265,0
a05973,0
a02153,0
a00483,0
a05006,0
a31216,0
a25592,0
a01339,0
a19745,0
a30143,0
a29598,0
a11550,0
a26751,0
a26910,0
a27316,0
a14325,0
a05945,0
a23224,0
a09367,0
a07213,0
a15134,0
a16184,0
a04679,0
a15179,0
a31207,0
a22033,0
a05542,0
a22682,0
a31475,0
a16821,0
a17192,0
a12584,0
a08204,0
a16054,0
a31268,0
a04495,0
a10658,0
a23994,0
a16871,0
a26927,0
a30337,0
a05442,0
a24301,0
a16523,0
a08162,0
a17441,0
a01410,0
a01093,0
a12592,0
a22436,0
a23756,0
a01187,0
a19202,0
a00002,0
a12422,0
a03138,0
a28272,0
a09274,0
a01619,0
a05228,0
a19161,0
a21469,0
a08336,0
a24224,0
a01296,0
a19342,0
a14755,0
a02306,0
a19813,0
a19923,0
a09919,0
a10484,0
a15777,0
a11527,0
a28487,0
a18911,0
a13595,0
a07256,0
a03234,0
a18209,0
a23084,0
a16097,0
a12369,0
a25130,0
a15031,0
a25562,0
a15583,0
a15147,0
a24870,0
a21491,0
a18887,0
a18210,0
a05519,0
a30704,0
a11244,0
a03983,0
a04631,0
a09499,0
a20917,0
a20343,0
a27155,0
a30380,0
a02515,0
a23264,0
a04801,0
a09882,0
a01460,0
a24154,0
a24766,0
a28137,0
a08915,0
a27663,0
a24956,0
a15374,0
a31283,0
a16371,0
a15054,0
a09013,0
a08153,0
a10532,0
a26563,0
a07260,0
a20626,0
a20451,0
a28929,0
a26326,0
a25194,0
a31181,0
a07552,0
a12736,0
a09068,0
a22718,0
a25618,0
a12992,0
a30880,0
a20133,0
a11063,0
a09014,0
a15252,0
a24344,0
a01396,0
a27636,0
a28861,0
a08455,0
a19770,0
a30382,0
a20904,0
a21097,0
a14926,0
a14184,0
a24166,0
a25135,0
a29877,0
a12580,0
a28582,0
a24998,0
a24742,0
a25200,0
a08079,0
a09129,0
a24955,0
a18802,0
a06509,0
a15405,0
a18054,0
a09026,0
a16866,0
a31245,0
a05172,0
a27445,0
a16963,0
a14213,0
a23787,0
a29114,0
a10381,0
a29499,0
a00709,0
a11583,0
a15622,0
a16581,0
a15709,0
a03866,0
a07591,0
a13159,0
a22942,0
a26435,0
a02986,0
a17874,0
a00530,0
a06195,0
a06340,0
a01945,0
a26619,0
a17110,0
a10038,0
a11365,0
a03271,0
a08244,0
a30062,0
a06864,0
a29160,0
a24293,0
a14757,0
a10367,0
a09293,0
a11643,0
a15937,0
a28705,0
a01400,0
a29347,0
a11551,0
a16901,0
a26965,0
a21173,0
a01452,0
a28752,0
a17241,0
a25086,0
a28003,0
a30546,0
a06040,0
a22713,0
a17231,0
a06169,0
a31239,0
a01148,0
a01910,0
a13544,0
a12107,0
a02718,0
a26193,0
a30900,0
a21445,0
a17294,0
a15153,0
a22662,0
a27251,0
a28482,0
a17275,0
a04112,0
a05489,0
a13694,0
a16931,0
a23713,0
a03063,0
a14104,0
a03369,0
a00153,0
a29511,0
a11808,0
a16415,0
a10163,0
a11423,0
a23384,0
a01640,0
a15485,0
a16526,0
a25217,0
a28842,0
a20860,0
a05202,0
a20168,0
a31001,0
a28800,0
a25059,0
a19751,0
a13811,0
a00792,0
a10760,0
a11327,0
a16948,0
a15624,0
a06099,0
a07302,0
a11700,0
a10868,0
a13958,0
a07822,0
a09890,0
a02596,0
a12226,0
a17298,0
a11750,0
a01486,0
a06109,0
a25495,0
a29263,0
a20331,0
a30087,0
a26480,0
a13263,0
a15678,0
a18234,0
a09417,0
a09628,0
a05373,0
a00732,0
a17330,0
a07308,0
a24111,0
a10310,0
a21984,0
a25737,0
a30701,0
a23517,0
a04654,0
a11049,0
a26797,0
a23805,0
a06092,0
a16530,0
a12566,0
a19693,0
a26730,0
a07720,0
a15071,0
a00977,0
a06970,0
a00498,0
a30259,0
a29996,0
a03618,0
a01263,0
a02638,0
a29102,0
a29479,0
a11311,0
a04994,0
a30105,0
a12140,0
a25068,0
a19464,0
a26845,0
a12529,0
a27302,0
a16490,0
a14135,0
a00034,0
a23271,0
a03136,0
a03499,0
a27202,0
a21775,0
a22814,0
a00749,0
a30023,0
a05098,0
a09785,0
a08942,0
a18783,0
a22024,0
a12419,0
a21838,0
a03980,0
a27847,0
a05766,0
a18920,0
a16367,0
a02148,0
a08229,0
a27803,0
a03962,0
a00288,0
a01507,0
a31411,0
a07967,0
a23456,0
a05580,0
a27253,0
a19757,0
a26218,0
a23526,0
a09203,0
a04059,0
a29220,0
a18515,0
a00723,0
a18643,0
a04693,0
a02894,0
a21968,0
a02990,0
a01286,0
a26947,0
a03672,0
a16915,0
a07669,0
a26513,0
a03467,0
a25097,0
a16101,0
a29779,0
a31019,0
a24894,0
a16839,0
a05018,0
a00514,0
a10983,0
a13362,0
a14327,0
a00023,0
a30575,0
a03605,0
a15515,0
a01153,0
a16304,0
a20270,0
a01422,0
a02139,0
a03156,0
a20349,0
a25474,0
a22984,0
a30742,0
a20423,0
a11779,0
a30339,0
a16873,0
a27010,0
a19001,0
a17507,0
a30254,0
a17921,0
a26172,0
a16623,0
a26243,0
a11025,0
a05173,0
a13513,0
a03330,0
a18040,0
a23746,0
a28353,0
a11866,0
a06036,0
a04155,0
a05521,0
a18881,0
a03739,0
a08498,0
a16542,0
a26631,0
a18774,0
a07981,0
a01834,0
a28006,0
a20872,0
a29348,0
a18688,0
a18615,0
a11180,0
a28384,0
a26954,0
a26646,0
a17196,0
a16147,0
a14852,0
a23680,0
a03627,0
a19256,0
a08122,0
a07746,0
a29990,0
a15960,0
a28158,0
a11198,0
a04293,0
a11310,0
a29844,0
a26414,0
a09396,0
a01147,0
a19955,0
a23396,0
a13057,0
a09084,0
a21801,0
a23665,0
a00094,0
a01672,0
a19679,0
a02273,0
a26649,0
a30310,0
a07965,0
a23480,0
a00135,0
a09627,0
a02160,0
a01377,0
a16200,0
a11183,0
a23437,0
a11149,0
a04539,0
a12996,0
a10025,0
a06436,0
a03056,0
a22199,0
a00218,0
a02285,0
a20181,0
a13305,0
a07471,0
a23207,0
a08346,0
a17244,0
a21208,0
a30860,0
a13656,0
a06623,0
a24085,0
a27713,0
a09907,0
a11783,0
a15959,0
a04279,0
a20926,0
a29600,0
a02687,0
a01843,0
a26151,0
a04571,0
a19120,0
a09817,0
a19066,0
a19971,0
a24469,0
a14330,0
a22444,0
a09342,0
a30791,0
a16503,0
a03838,0
a10765,0
a29259,0
a29428,0
a28904,0
a14969,0
a19089,0
a20479,0
a30468,0
a22573,0
a07324,0
a06269,0
a12642,0
a14795,0
a27209,0
a12035,0
a24017,0
a21351,0
a20163,0
a21789,0
a14187,0
a06160,0
a03861,0
a01376,0
a16021,0
a21145,0
a10276,0
a04344,0
a20003,0
a28029,0
a04300,0
a03915,0
a07825,0
a16802,0
a07532,0
a12940,0
a30319,0
a01833,0
a30356,0
a07578,0
a29293,0
a27650,0
a02404,0
a01077,0
a02186,0
a00361,0
a20794,0
a18795,0
a04594,0
a19090,0
a27622,0
a25989,0
a01818,0
a28171,0
a29850,0
a17504,0
a29516,0
a21033,0
a01305,0
a24153,0
a20730,0
a26678,0
a07186,0
a18179,0
a16307,0
a15652,0
a24701,0
a14498,0
a29714,0
a18548,0
a24696,0
a05364,0
a16514,0
a29205,0
a22254,0
a04852,0
a09854,0
a12461,0
a00772,0
a01612,0
a03669,0
a16485,0
a26767,0
a05304,0
a01815,0
a11467,0
a05550,0
a21738,0
a14452,0
a30872,0
a05536,0
a00303,0
a13194,0
a17267,0
a28832,0
a24033,0
a25270,0
a13485,0
a28515,0
a13464,0
a30410,0
a06873,0
a23014,0
a18852,0
a20869,0
a18252,0
a14791,0
a09703,0
a21813,0
a22733,0
a01253,0
a28573,0
a27244,0
a24528,0
a30766,0
a27938,0
a13696,0
a16349,0
a09245,0
a20285,0
a11021,0
a18035,0
a03923,0
a02846,0
a08532,0
a00994,0
a18944,0
a30800,0
a25312,0
a16013,0
a09024,0
a25886,0
a15817,0
a27914,0
a01109,0
a00556,0
a04483,0
a18831,0
a02095,0
a27247,0
a14918,0
a01671,0
a07292,0
a26130,0
a27164,0
a10047,0
a05095,0
a17329,0
a20512,0
a11487,0
a11190,0
a27034,0
a14687,0
a11611,0
a09478,0
a00775,0
a15805,0
a12679,0
a03302,0
a02147,0
a11793,0
a13296,0
a00130,0
a00486,0
a28117,0
a08728,0
a06516,0
a09306,0
a29599,0
a05218,0
a16300,0
a18594,0
a15682,0
a12068,0
a03396,0
a12121,0
a29698,0
a12485,0
a01070,0
a21454,0
a25902,0
a10916,0
a30207,0
a27318,0
a26969,0
a05883,0
a03213,0
a28543,0
a11617,0
a24861,0
a25242,0
a22692,0
a12957,0
a23579,0
a21545,0
a09822,0
a06445,0
a18302,0
a27988,0
a20935,0
a25705,0
a30996,0
a28744,0
a09339,0
a11685,0
a20180,0
a06949,0
a28068,0
a27891,0
a02225,0
a05967,0
a12099,0
a27942,0
a21000,0
a29738,0
a30412,0
a18476,0
a21699,0
a18757,0
a05064,0
a07814,0
a11549,0
a17754,0
a11572,0
a13681,0
a12253,0
a12834,0
a04547,0
a31340,0
a20036,0
a27451,0
a23720,0
a17380,0
a23818,0
a13922,0
a07753,0
a10991,0
a27018,0
a16413,0
a27224,0
a15724,0
a17018,0
a22855,0
a06330,0
a03222,0
a04466,0
a14819,0
a09612,0
a09421,0
a20083,0
a09232,0
a22974,0
a23096,0
a14353,0
a23892,0
a15776,0
a16432,0
a02899,0
a30997,0
a31086,0
a03646,0
a07840,0
a27293,0
a21794,0
a21213,0
a15791,0
a03901,0
a03986,0
a15985,0
a26438,0
a31447,0
a16502,0
a28850,0
a23276,0
a09220,0
a29364,0
a15804,0
a16219,0
a17503,0
a13340,0
a13143,0
a16282,0
a09765,0
a27944,0
a22014,0
a14575,0
a14572,0
a03094,0
a15124,0
a04410,0
a08853,0
a25970,0
a30768,0
a27779,0
a12671,0
a09849,0
a12143,0
a03504,0
a26244,0
a10523,0
a13084,0
a14637,0
a10402,0
a24719,0
a26666,0
a28701,0
a21625,0
a03412,0
a06553,0
a00962,0
a09485,0
a08463,0
a19990,0
a00637,0
a14546,0
a04248,0
a05289,0
a27565,0
a27666,0
a01582,0
a15273,0
a15774,0
a00273,0
a11876,0
a07480,0
a30630,0
a27866,0
a27731,0
a18717,0
a19435,0
a22851,0
a03513,0
a01941,0
a19673,0
a26912,0
a25319,0
a03978,0
a10088,0
a07953,0
a07654,0
a17979,0
a23314,0
a14158,0
a13261,0
a00480,0
a06091,0
a06422,0
a07481,0
a13772,0
a23791,0
a21790,0
a00417,0
a29368,0
a29993,0
a26903,0
a15157,0
a09741,0
a22296,0
a11169,0
a05727,0
a14157,0
a31322,0
a16852,0
a08206,0
a22778,0
a17935,0
a24589,0
a10935,0
a13423,0
a09739,0
a02885,0
a14361,0
a01993,0
a09743,0
a02856,0
a22077,0
a16778,0
a30112,0
a29778,0
a25414,0
a24503,0
a21057,0
a26749,0
a01881,0
a29849,0
a20335,0
a10203,0
a31373,0
a27782,0
a25611,0
a10573,0
a04221,0
a26928,0
a12397,0
a02836,0
a08273,0
a22414,0
a09029,0
a05187,0
a25697,0
a15412,0
a29098,0
a09103,0
a29580,0
a20000,0
a01555,0
a25321,0
a22538,0
a05264,0
a22673,0
a19018,0
a01657,0
a00350,0
a15999,0
a21007,0
a08697,0
a10927,0
a06196,0
a15456,0
a30594,0
a08119,0
a21244,0
a03791,0
a00998,0
a25153,0
a22603,0
a13179,0
a30478,0
a13571,0
a05833,0
a05464,0
a16187,0
a01651,0
a20495,0
a06765,0
a13031,0
a29897,0
a02745,0
a22202,0
a16007,0
a25755,0
a15011,0
a06670,0
a07487,0
a03850,0
a27604,0
a06994,0
a00194,0
a27489,0
a23102,0
a16869,0
a06534,0
a29165,0
a02484,0
a16607,0
a25763,0
a30401,0
a00282,0
a08002,0
a19554,0
a25670,0
a07027,0
a28660,0
a13663,0
a13500,0
a31337,0
a29157,0
a07343,0
a29480,0
a26231,0
a29506,0
a13955,0
a09157,0
a12372,0
a11992,0
a29655,0
a02395,0
a27810,0
a19662,0
a03939,0
a05667,0
a08012,0
a14886,0
a24422,0
a10969,0
a27906,0
a07500,0
a20385,0
a17553,0
a07166,0
a08843,0
a08791,0
a17300,0
a22258,0
a09450,0
a04946,0
a05490,0
a10045,0
a19279,0
a00501,0
a16223,0
a20517,0
a07145,0
a09077,0
a12320,0
a30142,0
a13077,0
a24920,0
a09902,0
a10775,0
a01898,0
a26638,0
a20101,0
a06120,0
a03144,0
a12661,0
a11220,0
a21550,0
a02641,0
a28824,0
a01809,0
a05524,0
a20523,0
a12935,0
a16234,0
a27365,0
a04251,0
a27649,0
a23921,0
a09938,0
a10386,0
a27095,0
a03566,0
a04717,0
a03864,0
a22971,0
a11483,0
a26250,0
a20572,0
a03625,0
a29686,0
a30213,0
a00769,0
a07699,0
a21978,0
a17213,0
a30959,0
a11414,0
a06568,0
a25969,0
a18099,0
a22773,0
a27965,0
a24406,0
a00357,0
a28481,0
a12644,0
a16224,0
a09329,0
a17763,0
a30925,0
a09356,0
a20533,0
a00033,0
a03029,0
a19087,0
a04212,0
a28885,0
a16446,0
a15336,0
a03773,0
a00398,0
a00326,0
a30664,0
a16996,0
a25149,0
a13257,0
a30917,0
a06569,0
a06183,0
a27264,0
a03788,0
a27433,0
a28247,0
a17883,0
a08824,0
a01806,0
a01561,0
a12112,0
a25422,0
a29666,0
a06450,0
a28341,0
a09114,0
a28221,0
a06496,0
a09560,0
a13019,0
a28505,0
a18855,0
a29311,0
a29895,0
a26881,0
a10105,0
a07405,0
a21630,0
a25172,0
a04650,0
a26400,0
a29395,0
a30989,0
a19380,0
a02049,0
a07089,0
a29608,0
a17665,0
a29811,0
a05807,0
a02270,0
a10500,0
a05406,0
a30977,0
a26708,0
a02757,0
a11014,0
a19607,0
a27333,0
a04945,0
a09343,0
a29346,0
a12494,0
a04446,0
a01938,0
a29573,0
a29973,0
a24442,0
a04313,0
a14335,0
a20069,0
a22889,0
a00913,0
a22021,0
a14930,0
a21873,0
a06253,0
a23546,0
a22381,0
a12331,0
a11248,0
a28830,0
a27019,0
a02948,0
a09645,0
a07475,0
a27397,0
a00064,0
a26945,0
a14727,0
a04782,0
a04414,0
a10477,0
a15349,0
a11695,0
a07795,0
a26221,0
a16640,0
a13388,0
a26040,0
a16585,0
a22390,0
a02243,0
a13266,0
a08994,0
a03306,0
a02081,0
a08553,0
a02774,0
a29625,0
a11363,0
a20709,0
a20820,0
a27099,0
a24623,0
a20538,0
a11922,0
a13961,0
a00897,0
a18704,0
a28198,0
a26470,0
a14990,0
a05901,0
a11056,0
a14896,0
a30495,0
a06016,0
a29722,0
a30875,0
a10937,0
a26201,0
a31295,0
a04244,0
a16824,0
a06221,0
a30124,0
a04258,0
a01354,0
a27031,0
a27134,0
a28969,0
a08355,0
a06222,0
a16067,0
a22375,0
a18188,0
a06335,0
a05392,0
a04525,0
a19551,0
a00853,0
a20434,0
a18227,0
a28425,0
a03598,0
a07539,0
a19927,0
a22127,0
a22522,0
a17670,0
a11224,0
a06321,0
a12055,0
a08688,0
a22763,0
a14973,0
a16402,0
a23947,0
a29420,0
a18538,0
a01284,0
a05452,0
a19157,0
a22264,0
a00423,0
a06440,0
a04542,0
a12886,0
a30431,0
a05293,0
a03745,0
a02000,0
a09885,0
a11969,0
a07203,0
a08812,0
a21409,0
a06299,0
a07427,0
a17496,0
a14188,0
a19128,0
a29848,0
a12820,0
a00031,0
a29224,0
a11886,0
a30220,0
a20409,0
a26924,0
a18111,0
a19017,0
a25408,0
a25908,0
a10998,0
a18362,0
a13725,0
a15921,0
a08546,0
a12967,0
a04837,0
a25889,0
a07442,0
a03428,0
a10007,0
a20631,0
a20654,0
a20159,0
a10755,0
a24785,0
a18780,0
a10245,0
a09216,0
a10815,0
a21739,0
a21860,0
a06608,0
a12399,0
a19841,0
a10012,0
a00536,0
a14257,0
a14711,0
a17368,0
a30535,0
a19963,0
a25489,0
a11273,0
a23959,0
a30774,0
a13851,0
a20686,0
a07936,0
a24504,0
a20373,0
a29064,0
a08212,0
a28764,0
a10209,0
a08040,0
a31118,0
a10682,0
a06851,0
a16425,0
a11130,0
a08725,0
a18328,0
a26073,0
a25227,0
a03615,0
a14402,0
a04469,0
a18353,0
a08595,0
a24244,0
a09987,0
a03604,0
a26208,0
a13615,0
a24010,0
a19852,0
a26733,0
a27061,0
a16820,0
a22878,0
a26690,0
a01932,0
a22409,0
a03257,0
a05717,0
a28351,0
a00815,0
a05393,0
a29070,0
a13465,0
a09096,0
a26786,0
a06585,0
a24086,0
a22854,0
a15572,0
a28352,0
a24407,0
a29315,0
a03058,0
a30026,0
a11066,0
a30995,0
a22435,0
a24987,0
a22675,0
a17592,0
a27851,0
a09031,0
a30707,0
a06461,0
a11681,0
a18000,0
a11535,0
a21806,0
a19439,0
a30418,0
a16998,0
a29182,0
a06741,0
a01968,0
a25180,0
a29845,0
a19488,0
a30301,0
a04379,0
a16979,0
a04830,0
a20457,0
a29043,0
a16243,0
a30887,0
a28194,0
a24981,0
a07093,0
a25620,0
a01840,0
a27843,0
a24477,0
a19793,0
a19003,0
a11202,0
a17436,0
a11833,0
a12274,0
a25538,0
a24259,0
a13710,0
a10503,0
a30536,0
a25198,0
a20418,0
a08016,0
a00013,0
a05925,0
a25133,0
a30330,0
a00056,0
a06805,0
a07561,0
a04671,0
a26671,0
a08373,0
a21235,0
a04176,0
a26382,0
a18767,0
a16708,0
a11762,0
a12883,0
a23937,0
a17576,0
a20831,0
a18659,0
a00215,0
a29331,0
a15660,0
a31396,0
a23493,0
a05740,0
a29553,0
a31080,0
a11011,0
a24851,0
a13150,0
a13414,0
a23147,0
a22939,0
a16899,0
a26582,0
a30464,0
a29229,0
a00231,0
a06294,0
a01644,0
a30644,0
a00313,0
a28785,0
a22667,0
a19069,0
a29078,0
a27032,0
a02917,0
a01032,0
a28165,0
a01485,0
a17937,0
a17486,0
a26080,0
a22547,0
a03230,0
a05509,0
a14657,0
a04766,0
a28486,0
a00643,0
a16352,0
a04592,0
a26879,0
a16633,0
a02514,0
a26088,0
a09653,0
a01626,0
a28036,0
a21658,0
a30572,0
a20782,0
a03431,0
a18908,0
a07664,0
a22891,0
a27894,0
a22098,0
a17082,0
a03619,0
a30711,0
a30770,0
a22492,0
a05811,0
a15771,0
a17513,0
a16994,0
a10175,0
a09501,0
a26220,0
a02796,0
a30458,0
a14876,0
a26935,0
a19196,0
a11309,0
a18348,0
a14709,0
a28187,0
a18022,0
a14691,0
a19524,0
a25608,0
a26989,0
a22004,0
a02839,0
a03242,0
a28506,0
a08887,0
a24636,0
a16573,0
a28980,0
a28692,0
a29267,0
a13659,0
a05161,0
a18724,0
a05363,0
a07288,0
a20025,0
a07676,0
a07756,0
a25625,0
a25224,0
a30771,0
a15279,0
a07188,0
a08568,0
a04800,0
a19912,0
a30492,0
a04170,0
a28280,0
a08664,0
a17435,0
a14161,0
a31293,0
a23453,0
a00317,0
a31034,0
a17859,0
a04973,0
a31254,0
a06887,0
a20473,0
a09193,0
a30817,0
a25192,0
a18078,0
a02332,0
a16693,0
a01390,0
a29193,0
a31163,0
a10552,0
a21028,0
a25210,0
a30842,0
a13921,0
a20226,0
a13655,0
a09054,0
a15199,0
a16554,0
a29766,0
a10296,0
a25696,0
a23499,0
a31102,0
a16941,0
a27637,0
a03458,0
a30662,0
a24046,0
a02436,0
a19849,0
a01732,0
a26937,0
a15947,0
a00718,0
a28644,0
a01043,0
a26972,0
a10335,0
a11859,0
a12937,0
a01426,0
a06148,0
a18147,0
a04178,0
a19957,0
a26375,0
a18029,0
a22882,0
a04657,0
a05149,0
a24141,0
a00885,0
a21209,0
a03828,0
a03105,0
a23967,0
a25260,0
a08643,0
a11241,0
a27548,0
a30010,0
a05819,0
a22446,0
a27943,0
a00729,0
a19547,0
a17745,0
a07615,0
a11893,0
a16450,0
a29539,0
a19169,0
a05898,0
a27216,0
a00329,0
a04266,0
a09482,0
a20768,0
a25107,0
a20234,0
a28488,0
a01995,0
a24079,0
a10730,0
a27672,0
a13502,0
a22614,0
a14535,0
a08516,0
a16131,0
a28677,0
a15247,0
a02842,0
a30904,0
a23285,0
a16120,0
a28337,0
a20399,0
a03782,0
a30511,0
a28615,0
a18349,0
a17209,0
a03178,0
a11935,0
a27734,0
a09240,0
a24064,0
a14753,0
a22969,0
a12571,0
a10769,0
a14818,0
a18336,0
a21875,0
a13385,0
a26103,0
a14743,0
a21692,0
a26286,0
a16373,0
a24346,0
a10688,0
a01010,0
a16878,0
a31410,0
a31078,0
a16772,0
a01111,0
a20834,0
a09831,0
a06439,0
a02997,0
a01445,0
a25163,0
a29307,0
a11725,0
a06502,0
a11303,0
a30772,0
a31333,0
a01255,0
a08443,0
a14446,0
a00880,0
a24491,0
a03674,0
a02605,0
a03389,0
a04416,0
a02410,0
a19394,0
a29120,0
a21404,0
a18824,0
a30657,0
a17550,0
a04764,0
a19070,0
a10604,0
a28903,0
a06165,0
a00973,0
a03283,0
a00694,0
a11537,0
a00698,0
a28257,0
a06177,0
a18999,0
a01357,0
a12319,0
a03717,0
a09690,0
a19431,0
a05862,0
a17886,0
a08592,0
a08210,0
a09408,0
a28276,0
a28111,0
a00297,0
a11083,0
a26368,0
a24136,0
a06586,0
a02779,0
a09675,0
a22058,0
a05707,0
a14525,0
a16644,0
a27986,0
a18678,0
a29358,0
a31494,0
a13374,0
a17728,0
a24761,0
a22489,0
a14162,0
a14284,0
a17135,0
a06281,0
a02189,0
a11973,0
a19408,0
a09351,0
a07945,0
a28376,0
a09615,0
a01364,0
a05526,0
a13378,0
a00613,0
a16765,0
a28818,0
a11389,0
a20584,0
a17955,0
a02719,0
a03629,0
a00050,0
a05138,0
a06666,0
a09228,0
a08709,0
a10630,0
a18882,0
a09135,0
a03241,0
a00159,0
a12296,0
a30102,0
a11343,0
a20312,0
a06423,0
a24780,0
a17079,0
a11167,0
a21704,0
a04256,0
a16792,0
a20410,0
a22244,0
a30076,0
a21624,0
a21116,0
a20338,0
a17129,0
a10397,0
a24475,0
a28806,0
a28377,0
a18596,0
a28745,0
a06631,0
a04485,0
a00058,0
a27542,0
a14221,0
a19250,0
a29533,0
a28072,0
a17692,0
a24448,0
a14289,0
a05944,0
a29380,0
a04733,0
a19966,0
a03413,0
a06158,0
a13744,0
a20486,0
a02142,0
a15052,0
a24897,0
a26476,0
a09433,0
a19374,0
a29989,0
a19385,0
a24411,0
a15759,0
a28951,0
a24319,0
a24963,0
a06560,0
a07073,0
a04719,0
a30291,0
a18434,0
a15284,0
a22447,0
a11195,0
a13184,0
a03676,0
a11897,0
a22761,0
a30952,0
a10291,0
a12698,0
a13880,0
a18070,0
a29754,0
a10050,0
a22211,0
a29685,0
a17759,0
a17115,0
a29320,0
a26725,0
a08990,0
a13893,0
a10655,0
a03388,0
a03576,0
a09957,0
a17153,0
a30950,0
a07910,0
a08538,0
a17831,0
a13556,0
a16692,0
a13947,0
a12718,0
a23974,0
a30287,0
a14673,0
a24465,0
a24013,0
a27005,0
a22813,0
a04746,0
a27895,0
a03225,0
a09632,0
a03600,0
a12144,0
a01824,0
a22613,0
a11582,0
a17870,0
a23478,0
a16804,0
a24368,0
a04991,0
a01101,0
a10100,0
a21327,0
a23554,0
a07537,0
a06977,0
a01817,0
a11271,0
a27235,0
a22743,0
a11907,0
a21345,0
a18137,0
a19085,0
a18113,0
a11381,0
a03863,0
a14790,0
a09496,0
a14025,0
a22536,0
a10461,0
a28331,0
a18816,0
a11913,0
a06267,0
a24883,0
a25668,0
a21402,0
a17444,0
a03001,0
a20033,0
a22032,0
a15281,0
a05546,0
a11917,0
a16467,0
a18683,0
a11615,0
a07270,0
a01190,0
a01525,0
a10742,0
a21135,0
a24312,0
a21088,0
a03918,0
a19768,0
a18152,0
a28778,0
a25644,0
a07885,0
a09708,0
a14398,0
a30804,0
a13064,0
a21261,0
a30216,0
a04058,0
a09652,0
a08832,0
a06591,0
a28121,0
a25765,0
a17657,0
a29028,0
a09141,0
a19709,0
a25376,0
a19659,0
a01451,0
a25633,0
a03798,0
a06411,0
a09911,0
a22159,0
a14964,0
a05949,0
a30109,0
a30444,0
a01720,0
a00507,0
a12747,0
a28356,0
a29721,0
a12295,0
a19469,0
a06931,0
a31153,0
a27410,0
a17011,0
a22530,0
a24050,0
a04711,0
a16094,0
a09411,0
a03509,0
a22749,0
a18341,0
a01550,0
a04780,0
a10679,0
a18278,0
a29413,0
a07018,0
a29242,0
a21245,0
a26495,0
a01348,0
a31111,0
a11150,0
a02391,0
a25067,0
a07518,0
a08785,0
a13294,0
a06540,0
a15102,0
a16299,0
a05891,0
a06519,0
a27308,0
a03239,0
a20544,0
a11987,0
a01890,0
a01748,0
a08268,0
a05817,0
a24092,0
a31010,0
a04627,0
a20732,0
a04861,0
a12520,0
a31054,0
a05313,0
a11879,0
a25437,0
a16117,0
a12589,0
a17365,0
a06702,0
a08866,0
a19954,0
a15257,0
a08958,0
a26551,0
a15695,0
a26297,0
a08320,0
a18408,0
a24127,0
a30821,0
a03857,0
a13421,0
a25604,0
a23869,0
a01776,0
a21944,0
a18979,0
a22845,0
a13140,0
a15271,0
a13185,0
a05772,0
a26245,0
a08693,0
a19494,0
a00017,0
a27784,0
a06996,0
a09570,0
a07648,0
a27294,0
a09291,0
a26298,0
a03292,0
a08816,0
a15753,0
a22973,0
a07272,0
a07616,0
a03547,0
a27016,0
a22030,0
a03245,0
a04213,0
a25065,0
a16250,0
a25518,0
a27574,0
a26081,0
a13346,0
a13015,0
a28527,0
a26670,0
a29050,0
a19518,0
a28292,0
a25008,0
a26185,0
a20911,0
a11758,0
a06028,0
a19195,0
a24565,0
a08465,0
a12194,0
a01786,0
a17668,0
a02373,0
a26697,0
a09146,0
a23794,0
a04353,0
a23339,0
a25898,0
a05353,0
a20414,0
a05902,0
a24260,0
a01009,0
a30098,0
a28454,0
a21358,0
a02863,0
a18007,0
a10289,0
a24110,0
a22799,0
a09855,0
a30723,0
a00996,0
a31133,0
a20902,0
a19538,0
a17124,0
a14206,0
a00355,0
a13707,0
a03601,0
a27915,0
a14611,0
a18050,0
a09336,0
a12786,0
a06891,0
a28789,0
a11594,0
a14311,0
a26962,0
a08236,0
a16022,0
a18961,0
a05134,0
a09019,0
a26101,0
a20436,0
a12877,0
a17025,0
a20598,0
a20303,0
a31416,0
a27602,0
a26808,0
a28976,0
a03329,0
a30496,0
a08700,0
a20761,0
a10132,0
a27311,0
a02851,0
a02280,0
a08061,0
a27834,0
a12923,0
a24567,0
a09480,0
a16096,0
a03348,0
a26275,0
a13647,0
a07194,0
a18145,0
a01512,0
a29773,0
a25046,0
a21876,0
a07456,0
a24450,0
a03654,0
a11745,0
a22912,0
a16816,0
a25100,0
a09231,0
a23088,0
a25652,0
a06571,0
a14431,0
a10165,0
a09097,0
a17845,0
a30193,0
a07037,0
a00517,0
a22240,0
a06711,0
a28104,0
a07522,0
a26979,0
a07861,0
a15557,0
a10596,0
a15099,0
a12778,0
a07512,0
a11059,0
a06997,0
a29723,0
a11768,0
a14618,0
a13284,0
a20919,0
a20420,0
a21030,0
a28768,0
a09931,0
a16340,0
a30289,0
a16847,0
a18184,0
a10463,0
a02549,0
a11362,0
a30226,0
a29741,0
a20320,0
a17386,0
a10640,0
a11518,0
a12572,0
a26799,0
a26111,0
a00816,0
a25136,0
a00716,0
a10692,0
a17385,0
a06581,0
a21765,0
a18129,0
a11526,0
a16698,0
a02612,0
a10607,0
a12106,0
a21346,0
a17637,0
a23442,0
a00395,0
a22687,0
a07057,0
a18462,0
a20015,0
a25983,0
a31261,0
a20148,0
a18899,0
a06149,0
a16266,0
a27392,0
a04314,0
a24741,0
a11637,0
a20299,0
a20174,0
a00148,0
a04609,0
a11442,0
a03726,0
a19871,0
a20952,0
a25929,0
a19837,0
a03270,0
a16334,0
a14652,0
a09763,0
a02815,0
a17738,0
a15044,0
a13227,0
a29659,0
a05090,0
a29015,0
a08631,0
a07117,0
a21393,0
a23530,0
a18065,0
a23356,0
a29665,0
a26366,0
a25743,0
a25588,0
a25280,0
a30502,0
a12706,0
a27844,0
a20829,0
a26124,0
a13652,0
a10509,0
a26805,0
a00248,0
a11595,0
a25634,0
a21553,0
a21710,0
a17429,0
a17277,0
a05012,0
a21945,0
a22725,0
a23865,0
a22644,0
a18599,0
a03478,0
a26534,0
a30275,0
a16934,0
a08658,0
a02100,0
a21264,0
a23941,0
a06689,0
a13780,0
a24165,0
a13343,0
a17278,0
a06779,0
a18384,0
a18010,0
a30764,0
a00874,0
a10738,0
a16027,0
